year,journal,doi,arxiv number,primary arxiv category,total number of authors,total number of ORCIDs linked to the authors,total number of affiliations,total number of ROR linked with the affiliations,"total number of related materials, type dataset","total number of related materials, type software"
2024,European Physical Journal C,10.1140/epjc/s10052-024-13361-w,,,2,0,4,0,0,0
2024,Journal of High Energy Physics,10.1007/JHEP10(2024)012,2407.01666,hep-th,3,0,3,0,0,0
2024,Journal of High Energy Physics,10.1007/JHEP10(2024)001,2403.20102,hep-th,3,0,6,0,0,0
2024,Journal of High Energy Physics,10.1007/JHEP10(2024)010,2311.04130,hep-th,1,0,1,0,0,0
2024,Journal of High Energy Physics,10.1007/JHEP10(2024)005,2406.14770,hep-th,5,0,5,0,0,0
2024,Journal of High Energy Physics,10.1007/JHEP10(2024)011,2405.05341,hep-th,2,0,2,0,0,0
2024,Journal of High Energy Physics,10.1007/JHEP10(2024)025,2406.02667,hep-ph,4,0,4,0,0,0
2024,Journal of High Energy Physics,10.1007/JHEP10(2024)029,2403.07140,hep-th,2,0,2,0,0,0
2024,European Physical Journal C,10.1140/epjc/s10052-024-13313-4,,,2,0,2,0,0,0
2024,Journal of High Energy Physics,10.1007/JHEP10(2024)020,2404.15233,hep-th,2,0,3,0,0,0
2024,Journal of High Energy Physics,10.1007/JHEP10(2024)017,2402.16940,hep-ph,2,0,3,0,0,0
2024,Journal of High Energy Physics,10.1007/JHEP10(2024)038,2312.16833,hep-th,1,0,1,0,0,0
2024,Journal of High Energy Physics,10.1007/JHEP10(2024)037,2405.09289,hep-th,3,0,3,0,0,0
2024,Journal of High Energy Physics,10.1007/JHEP10(2024)036,2404.08083,hep-th,2,0,2,0,0,0
2024,Journal of High Energy Physics,10.1007/JHEP10(2024)019,2407.19730,hep-ph,5,0,5,0,0,0
2024,Journal of High Energy Physics,10.1007/JHEP10(2024)044,2406.01328,hep-th,2,0,4,0,0,0
2024,Journal of High Energy Physics,10.1007/JHEP10(2024)050,2408.08517,hep-th,2,0,2,0,0,0
2024,Journal of High Energy Physics,10.1007/JHEP10(2024)051,2405.01647,hep-th,3,0,4,0,0,0
2024,Journal of High Energy Physics,10.1007/JHEP10(2024)008,2403.20303,hep-ph,2,0,2,0,0,0
2024,European Physical Journal C,10.1140/epjc/s10052-024-13409-x,,,3,0,3,0,0,0
2024,European Physical Journal C,10.1140/epjc/s10052-024-13383-4,2404.12194,gr-qc,4,0,6,0,0,0
2024,European Physical Journal C,10.1140/epjc/s10052-024-13390-5,,,4,0,6,0,0,0
2024,European Physical Journal C,10.1140/epjc/s10052-024-13422-0,,,3,0,6,0,0,0
2024,European Physical Journal C,10.1140/epjc/s10052-024-13434-w,,,4,0,4,0,0,0
2024,European Physical Journal C,10.1140/epjc/s10052-024-13350-z,,,3,0,3,0,0,0
2024,European Physical Journal C,10.1140/epjc/s10052-024-13396-z,,,1,0,1,0,0,0
2024,Journal of High Energy Physics,10.1007/JHEP10(2024)057,2405.10374,hep-th,3,0,3,0,0,0
2024,Journal of High Energy Physics,10.1007/JHEP10(2024)060,2406.08970,hep-th,3,0,3,0,0,0
2024,Journal of High Energy Physics,10.1007/JHEP10(2024)052,2405.03128,hep-th,1,0,1,0,0,0
2024,European Physical Journal C,10.1140/epjc/s10052-024-13391-4,2406.12987,hep-th,4,0,4,0,0,0
2024,European Physical Journal C,10.1140/epjc/s10052-024-13415-z,,,3,0,5,0,0,0
2024,Journal of High Energy Physics,10.1007/JHEP10(2024)073,2311.12121,hep-th,3,0,3,0,0,0
2024,Journal of High Energy Physics,10.1007/JHEP10(2024)065,2404.11680,hep-th,2,0,2,0,0,0
2024,Journal of High Energy Physics,10.1007/JHEP10(2024)067,2407.08208,gr-qc,2,0,2,0,0,0
2024,Journal of High Energy Physics,10.1007/JHEP10(2024)055,2405.18898,hep-th,2,0,2,0,0,0
2024,Journal of High Energy Physics,10.1007/JHEP10(2024)080,2407.08782,hep-th,2,0,2,0,0,0
2024,Journal of High Energy Physics,10.1007/JHEP10(2024)076,2107.13130,hep-th,3,0,3,0,0,0
2024,Journal of High Energy Physics,10.1007/JHEP10(2024)069,2407.17748,hep-ph,4,0,4,0,0,0
2024,Journal of High Energy Physics,10.1007/JHEP10(2024)034,2311.18782,cond-mat.str-el,2,0,2,0,0,0
2024,Journal of High Energy Physics,10.1007/JHEP10(2024)013,2404.18220,hep-th,1,0,1,0,0,0
2024,Journal of High Energy Physics,10.1007/JHEP10(2024)048,2307.13736,quant-ph,3,0,3,0,0,0
2024,Journal of High Energy Physics,10.1007/JHEP10(2024)081,2312.12104,hep-th,2,0,2,0,0,0
2024,European Physical Journal C,10.1140/epjc/s10052-024-13312-5,,,3,0,3,0,0,0
2024,Journal of High Energy Physics,10.1007/JHEP10(2024)003,2310.13194,hep-ph,4,0,4,0,0,0
2024,Journal of High Energy Physics,10.1007/JHEP10(2024)002,2405.18017,hep-ph,1,0,1,0,0,0
2024,Journal of High Energy Physics,10.1007/JHEP10(2024)006,2406.05176,hep-th,3,0,4,0,0,0
2024,Journal of High Energy Physics,10.1007/JHEP10(2024)007,2403.01837,hep-th,6,0,6,0,0,0
2024,Journal of High Energy Physics,10.1007/JHEP10(2024)039,2407.16781,hep-th,2,0,2,0,0,0
2024,Journal of High Energy Physics,10.1007/JHEP10(2024)035,2408.04791,hep-th,3,0,4,0,0,0
2024,Journal of High Energy Physics,10.1007/JHEP10(2024)033,2408.03670,hep-th,4,0,4,0,0,0
2024,Journal of High Energy Physics,10.1007/JHEP10(2024)046,2407.06900,hep-th,1,0,1,0,0,0
2024,European Physical Journal C,10.1140/epjc/s10052-024-13330-3,,,2,0,3,0,0,0
2024,European Physical Journal C,10.1140/epjc/s10052-024-13292-6,,,2,0,3,0,0,0
2024,Journal of High Energy Physics,10.1007/JHEP10(2024)041,2408.06863,hep-ph,2,0,2,0,0,0
2024,European Physical Journal C,10.1140/epjc/s10052-024-13418-w,,,2,0,3,0,0,0
2024,European Physical Journal C,10.1140/epjc/s10052-024-13425-x,,,3,0,3,0,0,0
2024,European Physical Journal C,10.1140/epjc/s10052-024-13379-0,,,3,0,6,0,0,0
2024,European Physical Journal C,10.1140/epjc/s10052-024-13320-5,2404.02964,hep-ph,3,0,3,0,0,0
2024,European Physical Journal C,10.1140/epjc/s10052-024-13363-8,,,2,0,2,0,0,0
2024,European Physical Journal C,10.1140/epjc/s10052-024-13365-6,,,2,0,2,0,0,0
2024,European Physical Journal C,10.1140/epjc/s10052-024-13404-2,,,1,0,1,0,0,0
2024,European Physical Journal C,10.1140/epjc/s10052-024-13403-3,2403.05682,gr-qc,2,0,2,0,0,0
2024,Journal of High Energy Physics,10.1007/JHEP10(2024)059,2408.06055,hep-th,1,0,2,0,0,0
2024,Journal of High Energy Physics,10.1007/JHEP10(2024)062,2404.10412,hep-th,4,0,4,0,0,0
2024,Journal of High Energy Physics,10.1007/JHEP10(2024)064,2404.16946,hep-th,2,0,2,0,0,0
2024,European Physical Journal C,10.1140/epjc/s10052-024-13413-1,,,5,0,5,0,0,0
2024,European Physical Journal C,10.1140/epjc/s10052-024-13427-9,,,5,0,7,0,0,0
2024,European Physical Journal C,10.1140/epjc/s10052-024-13385-2,,,4,0,6,0,0,0
2024,European Physical Journal C,10.1140/epjc/s10052-024-13431-z,,,2,0,3,0,0,0
2024,Journal of High Energy Physics,10.1007/JHEP10(2024)079,2406.13753,hep-ph,1,0,2,0,0,0
2024,Journal of High Energy Physics,10.1007/JHEP10(2024)077,2311.07724,hep-th,1,0,1,0,0,0
2024,Journal of High Energy Physics,10.1007/JHEP10(2024)063,2310.02189,hep-th,4,0,5,0,0,0
2024,Journal of High Energy Physics,10.1007/JHEP10(2024)045,2406.04642,hep-ex,382,0,1,0,0,0
2024,European Physical Journal C,10.1140/epjc/s10052-024-13375-4,2403.00511v3,hep-ph,3,0,3,0,0,0
2024,Journal of High Energy Physics,10.1007/JHEP10(2024)070,2407.16052,hep-th,4,0,4,0,0,0
2024,Journal of High Energy Physics,10.1007/JHEP10(2024)096,2403.09563,hep-th,3,0,5,0,0,0
2024,Journal of High Energy Physics,10.1007/JHEP10(2024)082,2408.04000,hep-th,1,0,2,0,0,0
2024,European Physical Journal C,10.1140/epjc/s10052-024-13438-6,,,3,0,3,0,0,0
2024,Journal of High Energy Physics,10.1007/JHEP10(2024)089,2405.10061,hep-th,2,0,2,0,0,0
2024,Journal of High Energy Physics,10.1007/JHEP10(2024)098,2404.17233,hep-th,1,0,2,0,0,0
2024,Journal of High Energy Physics,10.1007/JHEP10(2024)101,2406.12990,hep-th,3,0,6,0,0,0
2024,European Physical Journal C,10.1140/epjc/s10052-024-13408-y,,,2,0,2,0,0,0
2024,European Physical Journal C,10.1140/epjc/s10052-024-13412-2,,,3,0,3,0,0,0
2024,Journal of High Energy Physics,10.1007/JHEP10(2024)087,2405.06742,hep-ph,3,0,5,0,0,0
2024,European Physical Journal C,10.1140/epjc/s10052-024-13356-7,,,4,0,4,0,0,0
2024,Journal of High Energy Physics,10.1007/JHEP10(2024)086,2406.07643,hep-ph,6,0,6,0,0,0
2024,European Physical Journal C,10.1140/epjc/s10052-024-13398-x,2408.00226,gr-qc,1,0,1,0,0,0
2024,European Physical Journal C,10.1140/epjc/s10052-024-13450-w,2408.00424,hep-th,1,0,1,0,0,0
2024,European Physical Journal C,10.1140/epjc/s10052-024-13440-y,,,3,0,10,0,0,0
2024,Journal of High Energy Physics,10.1007/JHEP10(2024)113,2407.03416,hep-th,2,0,2,0,0,0
2024,European Physical Journal C,10.1140/epjc/s10052-024-13432-y,,,3,0,3,0,0,0
2024,Journal of High Energy Physics,10.1007/JHEP10(2024)114,2405.18928,hep-ex,468,0,1,0,0,0
2024,Journal of High Energy Physics,10.1007/JHEP10(2024)107,2403.13186,hep-th,1,0,1,0,0,0
2024,European Physical Journal C,10.1140/epjc/s10052-024-13445-7,,,1,0,1,0,0,0
2024,Journal of High Energy Physics,10.1007/JHEP11(2024)104,2407.07555,hep-th,1,0,1,0,0,0
2024,European Physical Journal C,10.1140/epjc/s10052-024-13454-6,,,3,0,3,0,0,0
2024,Journal of High Energy Physics,10.1007/JHEP11(2024)120,2408.13984,hep-th,2,0,2,0,0,0
2024,Journal of High Energy Physics,10.1007/JHEP11(2024)117,2407.15925,hep-th,3,0,3,0,0,0
2024,Journal of High Energy Physics,10.1007/JHEP11(2024)128,2406.17079,hep-th,4,0,7,0,0,0
2024,Journal of High Energy Physics,10.1007/JHEP11(2024)122,2311.02074,hep-th,2,0,2,0,0,0
2024,European Physical Journal C,10.1140/epjc/s10052-024-13382-5,2406.13624,hep-th,1,0,1,0,0,0
2024,European Physical Journal C,10.1140/epjc/s10052-024-13449-3,,,4,0,12,0,0,0
2024,European Physical Journal C,10.1140/epjc/s10052-024-13430-0,,,2,0,2,0,0,0
2024,Journal of High Energy Physics,10.1007/JHEP10(2024)135,2402.08190v2,hep-ph,4,0,8,0,0,0
2024,European Physical Journal C,10.1140/epjc/s10052-024-13461-7,,,4,0,4,0,0,0
2024,Journal of High Energy Physics,10.1007/JHEP11(2024)136,2404.12962,hep-th,1,0,1,0,0,0
2024,Journal of High Energy Physics,10.1007/JHEP11(2024)134,2405.17562,hep-th,5,0,6,0,0,0
2024,Journal of High Energy Physics,10.1007/JHEP11(2024)150,2404.11696,math-ph,2,0,4,0,0,0
2024,Journal of High Energy Physics,10.1007/JHEP11(2024)147,2406.17011,hep-th,1,0,1,0,0,0
2024,Journal of High Energy Physics,10.1007/JHEP11(2024)153,2401.07347,hep-ph,1,0,2,0,0,0
2024,Journal of High Energy Physics,10.1007/JHEP11(2024)157,2408.10325,hep-ph,2,0,2,0,0,0
2024,Journal of High Energy Physics,10.1007/JHEP11(2024)155,2312.03676,hep-th,2,0,2,0,0,0
2024,Journal of High Energy Physics,10.1007/JHEP11(2024)159,2406.09261,hep-th,3,0,5,0,0,0
2024,Journal of High Energy Physics,10.1007/JHEP11(2024)145,2408.00823,hep-th,4,0,4,0,0,0
2024,European Physical Journal C,10.1140/epjc/s10052-024-13612-w,,,4,0,4,0,0,0
2024,European Physical Journal C,10.1140/epjc/s10052-024-13608-6,,,3,0,3,0,0,0
2024,European Physical Journal C,10.1140/epjc/s10052-024-13625-5,,,3,0,3,0,0,0
2024,European Physical Journal C,10.1140/epjc/s10052-024-13360-x,,,1,0,1,0,0,0
2024,European Physical Journal C,10.1140/epjc/s10052-024-13451-9,2405.19167,hep-ph,3,0,3,0,0,0
2024,Journal of High Energy Physics,10.1007/JHEP10(2024)146,2406.05772,hep-th,4,0,6,0,0,0
2024,Journal of High Energy Physics,10.1007/JHEP10(2024)153,2405.13425,hep-ph,4,0,8,0,0,0
2024,Journal of High Energy Physics,10.1007/JHEP10(2024)143,2404.12817,hep-ex,399,0,1,0,0,0
2024,Journal of High Energy Physics,10.1007/JHEP10(2024)154,2403.07275,hep-th,1,0,1,0,0,0
2024,European Physical Journal C,10.1140/epjc/s10052-024-13458-2,2306.17818,hep-th,2,0,2,0,0,0
2024,Journal of High Energy Physics,10.1007/JHEP10(2024)169,2406.16339,hep-th,3,0,3,0,0,0
2024,European Physical Journal C,10.1140/epjc/s10052-024-13370-9,,,3,0,3,0,0,0
2024,European Physical Journal C,10.1140/epjc/s10052-024-13399-w,,,2,0,2,0,0,0
2024,Journal of High Energy Physics,10.1007/JHEP10(2024)163,2408.05267,hep-ph,2,0,2,0,0,0
2024,Journal of High Energy Physics,10.1007/JHEP10(2024)157,2408.14350,hep-ph,2,0,2,0,0,0
2024,European Physical Journal C,10.1140/epjc/s10052-024-13452-8,2407.09819,hep-ph,3,0,3,0,0,0
2024,Journal of High Energy Physics,10.1007/JHEP10(2024)184,2407.04781,hep-th,4,0,4,0,0,0
2024,Journal of High Energy Physics,10.1007/JHEP10(2024)180,2404.10815,hep-ph,2,0,2,0,0,0
2024,Journal of High Energy Physics,10.1007/JHEP10(2024)181,2406.10220,hep-th,2,0,3,0,0,0
2024,Journal of High Energy Physics,10.1007/JHEP10(2024)173,2403.03136,hep-th,3,0,5,0,0,0
2024,European Physical Journal C,10.1140/epjc/s10052-024-13489-9,,,2,0,2,0,0,0
2024,Journal of High Energy Physics,10.1007/JHEP10(2024)175,2305.19311,hep-ph,3,0,3,0,0,0
2024,European Physical Journal C,10.1140/epjc/s10052-024-13488-w,,,4,0,4,0,0,0
2024,Journal of High Energy Physics,10.1007/JHEP10(2024)197,,,2,0,2,0,0,0
2024,Journal of High Energy Physics,10.1007/JHEP10(2024)198,2404.18323,hep-lat,2,0,2,0,0,0
2024,Journal of High Energy Physics,10.1007/JHEP10(2024)196,2408.13544,hep-th,1,0,2,0,0,0
2024,Journal of High Energy Physics,10.1007/JHEP10(2024)182,2406.10968,hep-th,2,0,3,0,0,0
2024,Journal of High Energy Physics,10.1007/JHEP10(2024)194,2409.03015,hep-th,4,0,4,0,0,0
2024,Journal of High Energy Physics,10.1007/JHEP10(2024)174,2407.03256,hep-ph,1,0,1,0,0,0
2024,European Physical Journal C,10.1140/epjc/s10052-024-13483-1,,,4,0,5,0,0,0
2024,European Physical Journal C,10.1140/epjc/s10052-024-13496-w,,,2,0,2,0,0,0
2024,European Physical Journal C,10.1140/epjc/s10052-024-13341-0,,,1,0,1,0,0,0
2024,Journal of High Energy Physics,10.1007/JHEP10(2024)190,2409.03840,hep-ph,4,0,4,0,0,0
2024,European Physical Journal C,10.1140/epjc/s10052-024-13441-x,,,1,0,2,0,0,0
2024,European Physical Journal C,10.1140/epjc/s10052-024-13492-0,,,2,0,3,0,0,0
2024,European Physical Journal C,10.1140/epjc/s10052-024-13628-2,arXiv:2406.19661,hep-ph,5,0,5,0,0,0
2024,Journal of High Energy Physics,10.1007/JHEP11(2024)167,2407.15090,hep-th,1,0,1,0,0,0
2024,Journal of High Energy Physics,10.1007/JHEP11(2024)160,2405.17177,hep-th,5,0,5,0,0,0
2024,Journal of High Energy Physics,10.1007/JHEP10(2024)147,2403.10513,hep-th,5,0,6,0,0,0
2024,Journal of High Energy Physics,10.1007/JHEP10(2024)204,2406.08557,hep-ph,1,0,1,0,0,0
2024,Journal of High Energy Physics,10.1007/JHEP10(2024)210,2407.12413,hep-ph,5,0,5,0,0,0
2024,Journal of High Energy Physics,10.1007/JHEP10(2024)203,2407.06267,hep-ph,2,0,4,0,0,0
2024,European Physical Journal C,10.1140/epjc/s10052-024-13509-8,,,3,0,3,0,0,0
2024,Journal of High Energy Physics,10.1007/JHEP10(2024)221,2407.03403,hep-th,2,0,2,0,0,0
2024,Journal of High Energy Physics,10.1007/JHEP10(2024)201,2408.04848,hep-th,1,0,1,0,0,0
2024,European Physical Journal C,10.1140/epjc/s10052-024-13514-x,,,6,0,7,0,0,0
2024,Journal of High Energy Physics,10.1007/JHEP10(2024)230,2408.12686,hep-ph,3,0,3,0,0,0
2024,Journal of High Energy Physics,10.1007/JHEP10(2024)228,2310.10419,hep-th,2,0,2,0,0,0
2024,Journal of High Energy Physics,10.1007/JHEP10(2024)202,2408.00074,hep-th,4,0,6,0,0,0
2024,Journal of High Energy Physics,10.1007/JHEP10(2024)214,2406.03950,hep-ph,9,0,11,0,0,0
2024,Journal of High Energy Physics,10.1007/JHEP10(2024)249,2408.03726,hep-th,1,0,1,0,0,0
2024,Journal of High Energy Physics,10.1007/JHEP10(2024)224,2405.08082,hep-th,3,0,5,0,0,0
2024,European Physical Journal C,10.1140/epjc/s10052-024-13639-z,,,2,0,2,0,0,0
2024,European Physical Journal C,10.1140/epjc/s10052-024-13642-4,,,3,0,3,0,0,0
2024,European Physical Journal C,10.1140/epjc/s10052-024-13648-y,,,4,0,5,0,0,0
2024,European Physical Journal C,10.1140/epjc/s10052-024-13650-4,2406.18946,hep-th,1,0,1,0,0,0
2024,Journal of High Energy Physics,10.1007/JHEP10(2024)248,2404.15416,hep-th,3,0,3,0,0,0
2024,Journal of High Energy Physics,10.1007/JHEP10(2024)233,2406.10204,hep-ph,4,0,5,0,0,0
2024,Journal of High Energy Physics,10.1007/JHEP11(2024)003,2103.01835,hep-th,3,0,3,0,0,0
2024,Journal of High Energy Physics,10.1007/JHEP11(2024)016,2407.09112,hep-ph,1,0,1,0,0,0
2024,Journal of High Energy Physics,10.1007/JHEP11(2024)014,2407.02756,hep-th,2,0,3,0,0,0
2024,Journal of High Energy Physics,10.1007/JHEP11(2024)011,2407.01670,hep-ph,3,0,3,0,0,0
2024,Journal of High Energy Physics,10.1007/JHEP11(2024)013,2407.21573,hep-th,2,0,2,0,0,0
2024,European Physical Journal C,10.1140/epjc/s10052-024-13653-1,,,3,0,3,0,0,0
2024,European Physical Journal C,10.1140/epjc/s10052-024-13643-3,2403.04030,hep-ph,3,0,6,0,0,0
2024,Journal of High Energy Physics,10.1007/JHEP11(2024)029,2403.16064,hep-ph,4,0,5,0,0,0
2024,Journal of High Energy Physics,10.1007/JHEP11(2024)039,2408.05142,gr-qc,4,0,7,0,0,0
2024,Journal of High Energy Physics,10.1007/JHEP11(2024)038,2403.16217,hep-th,2,0,3,0,0,0
2024,Journal of High Energy Physics,10.1007/JHEP11(2024)041,2308.01078,gr-qc,4,0,6,0,0,0
2024,Journal of High Energy Physics,10.1007/JHEP11(2024)040,2407.04653,hep-ph,5,0,5,0,0,0
2024,Journal of High Energy Physics,10.1007/JHEP11(2024)043,2403.13712,hep-ph,4,0,4,0,0,0
2024,Journal of High Energy Physics,10.1007/JHEP11(2024)048,2408.07684,hep-th,3,0,3,0,0,0
2024,Journal of High Energy Physics,10.1007/JHEP11(2024)052,2312.15111,hep-th,2,0,2,0,0,0
2024,Journal of High Energy Physics,10.1007/JHEP11(2024)051,2406.07617,hep-th,3,0,5,0,0,0
2024,Journal of High Energy Physics,10.1007/JHEP11(2024)045,2407.11849,hep-th,1,0,1,0,0,0
2024,Journal of High Energy Physics,10.1007/JHEP11(2024)023,2406.01567,hep-th,2,0,2,0,0,0
2024,Journal of High Energy Physics,10.1007/JHEP11(2024)063,2407.12903,hep-th,1,0,1,0,0,0
2024,Journal of High Energy Physics,10.1007/JHEP11(2024)059,2408.17420,hep-th,2,0,2,0,0,0
2024,Journal of High Energy Physics,10.1007/JHEP11(2024)061,2406.10186,hep-th,3,0,4,0,0,0
2024,Journal of High Energy Physics,10.1007/JHEP11(2024)055,2406.07606,hep-th,2,0,2,0,0,0
2024,Journal of High Energy Physics,10.1007/JHEP11(2024)004,2404.19761,hep-th,2,0,4,0,0,0
2024,Journal of High Energy Physics,10.1007/JHEP11(2024)042,2401.12338,hep-th,3,0,6,0,0,0
2024,European Physical Journal C,10.1140/epjc/s10052-024-13652-2,,,1,0,2,0,0,0
2024,European Physical Journal C,10.1140/epjc/s10052-024-13659-9,2403.11862,hep-ph,3,0,3,0,0,0
2024,Journal of High Energy Physics,10.1007/JHEP11(2024)067,2312.09308,hep-th,4,0,5,0,0,0
2024,Journal of High Energy Physics,10.1007/JHEP11(2024)065,2408.09243,gr-qc,4,0,5,0,0,0
2024,Journal of High Energy Physics,10.1007/JHEP11(2024)064,2312.13364,hep-th,3,0,6,0,0,0
2024,Journal of High Energy Physics,10.1007/JHEP11(2024)068,2409.04539,hep-th,3,0,3,0,0,0
2024,Journal of High Energy Physics,10.1007/JHEP11(2024)069,2405.09745,hep-th,3,0,3,0,0,0
2024,Journal of High Energy Physics,10.1007/JHEP11(2024)081,2407.19243,hep-ph,3,0,3,0,0,0
2024,Journal of High Energy Physics,10.1007/JHEP11(2024)071,2407.01675,hep-ph,3,0,3,0,0,0
2024,Journal of High Energy Physics,10.1007/JHEP11(2024)079,2408.09498,hep-th,2,0,2,0,0,0
2024,Journal of High Energy Physics,10.1007/JHEP11(2024)093,2404.07621,hep-th,3,0,4,0,0,0
2024,Journal of High Energy Physics,10.1007/JHEP11(2024)100,2405.10016,hep-th,2,0,2,0,0,0
2024,Journal of High Energy Physics,10.1007/JHEP11(2024)098,2407.16202,hep-ph,2,0,3,0,0,0
2024,Journal of High Energy Physics,10.1007/JHEP11(2024)053,2403.12155,hep-ph,3,0,3,0,0,0
2024,Journal of High Energy Physics,10.1007/JHEP11(2024)072,2408.14959,hep-ph,4,0,4,0,0,0
2024,Journal of High Energy Physics,10.1007/JHEP10(2024)088,2405.20001,hep-ph,3,0,3,0,0,0
2024,European Physical Journal C,10.1140/epjc/s10052-024-13377-2,2408.02281v1,hep-th,1,0,1,0,0,0
2024,European Physical Journal C,10.1140/epjc/s10052-024-13406-0,,,4,0,4,0,0,0
2024,Journal of High Energy Physics,10.1007/JHEP10(2024)093,2406.10518,hep-th,3,0,5,0,0,0
2024,Journal of High Energy Physics,10.1007/JHEP10(2024)091,2404.19502,hep-ph,3,0,4,0,0,0
2024,European Physical Journal C,10.1140/epjc/s10052-024-13443-9,,,1,0,1,0,0,0
2024,Journal of High Energy Physics,10.1007/JHEP10(2024)083,2404.13089,quant-ph,4,0,5,0,0,0
2024,Journal of High Energy Physics,10.1007/JHEP10(2024)095,2407.16756,hep-th,3,0,3,0,0,0
2024,Journal of High Energy Physics,10.1007/JHEP10(2024)102,2406.04622,hep-th,2,0,2,0,0,0
2024,Journal of High Energy Physics,10.1007/JHEP10(2024)105,2404.17286,hep-th,4,0,4,0,0,0
2024,European Physical Journal C,10.1140/epjc/s10052-024-13442-w,,,2,0,2,0,0,0
2024,European Physical Journal C,10.1140/epjc/s10052-024-13446-6,2408.03729,gr-qc,1,0,1,0,0,0
2024,European Physical Journal C,10.1140/epjc/s10052-024-13358-5,,,2,0,3,0,0,0
2024,Journal of High Energy Physics,10.1007/JHEP10(2024)112,2406.18633,hep-th,3,0,3,0,0,0
2024,European Physical Journal C,10.1140/epjc/s10052-024-13401-5,,,2,0,2,0,0,0
2024,European Physical Journal C,10.1140/epjc/s10052-024-13447-5,,,2,0,2,0,0,0
2024,Journal of High Energy Physics,10.1007/JHEP10(2024)123,2311.04209,hep-th,2,0,2,0,0,0
2024,European Physical Journal C,10.1140/epjc/s10052-024-13388-z,,,1,0,1,0,0,0
2024,Journal of High Energy Physics,10.1007/JHEP11(2024)105,2306.14996,hep-th,1,0,3,0,0,0
2024,Journal of High Energy Physics,10.1007/JHEP11(2024)110,2312.16671,hep-th,2,0,2,0,0,0
2024,European Physical Journal C,10.1140/epjc/s10052-024-13405-1,,,2,0,2,0,0,0
2024,Journal of High Energy Physics,10.1007/JHEP11(2024)118,2405.04736,hep-th,2,0,2,0,0,0
2024,Journal of High Energy Physics,10.1007/JHEP11(2024)113,2407.15382,hep-ph,2,0,2,0,0,0
2024,Journal of High Energy Physics,10.1007/JHEP11(2024)132,2409.02176,hep-th,3,0,5,0,0,0
2024,Journal of High Energy Physics,10.1007/JHEP11(2024)125,2405.18145,hep-th,3,0,3,0,0,0
2024,Journal of High Energy Physics,10.1007/JHEP11(2024)127,2403.06778,hep-th,3,0,8,0,0,0
2024,Journal of High Energy Physics,10.1007/JHEP11(2024)109,2312.14859,hep-th,4,0,5,0,0,0
2024,European Physical Journal C,10.1140/epjc/s10052-024-13469-z,,,1,0,2,0,0,0
2024,European Physical Journal C,10.1140/epjc/s10052-024-13457-3,,,2,0,2,0,0,0
2024,Journal of High Energy Physics,10.1007/JHEP10(2024)126,2408.12643,hep-th,1,0,2,0,0,0
2024,Journal of High Energy Physics,10.1007/JHEP10(2024)138,2406.02132,hep-th,1,0,1,0,0,0
2024,European Physical Journal C,10.1140/epjc/s10052-024-13407-z,,,4,0,5,0,0,0
2024,Journal of High Energy Physics,10.1007/JHEP10(2024)136,2404.01028,hep-th,4,0,6,0,0,0
2024,Journal of High Energy Physics,10.1007/JHEP10(2024)134,2312.09074,cond-mat.str-el,3,0,4,0,0,0
2024,Journal of High Energy Physics,10.1007/JHEP11(2024)142,2409.00168,hep-ph,2,0,2,0,0,0
2024,Journal of High Energy Physics,10.1007/JHEP11(2024)140,2403.12123,hep-ph,2,0,2,0,0,0
2024,Journal of High Energy Physics,10.1007/JHEP11(2024)139,2405.18466,hep-ph,2,0,2,0,0,0
2024,Journal of High Energy Physics,10.1007/JHEP11(2024)135,2404.18147,gr-qc,2,0,3,0,0,0
2024,Journal of High Energy Physics,10.1007/JHEP11(2024)141,2409.08620,hep-ph,4,0,7,0,0,0
2024,Journal of High Energy Physics,10.1007/JHEP11(2024)149,2405.03877,hep-th,3,0,5,0,0,0
2024,Journal of High Energy Physics,10.1007/JHEP11(2024)151,2405.02072,hep-th,5,0,5,0,0,0
2024,Journal of High Energy Physics,10.1007/JHEP11(2024)158,2409.06667,hep-th,3,0,6,0,0,0
2024,Journal of High Energy Physics,10.1007/JHEP11(2024)154,2407.09470,gr-qc,2,0,2,0,0,0
2024,European Physical Journal C,10.1140/epjc/s10052-024-13629-1,,,9,0,10,0,0,0
2024,European Physical Journal C,10.1140/epjc/s10052-024-13627-3,,,2,0,2,0,0,0
2024,European Physical Journal C,10.1140/epjc/s10052-024-13576-x,2312.03179,hep-ex,9,0,13,0,0,0
2024,European Physical Journal C,10.1140/epjc/s10052-024-13462-6,,,2,0,4,0,0,0
2024,European Physical Journal C,10.1140/epjc/s10052-024-13473-3,,,3,0,3,0,0,0
2024,European Physical Journal C,10.1140/epjc/s10052-024-13456-4,2408.02452,hep-ph,2,0,3,0,0,0
2024,European Physical Journal C,10.1140/epjc/s10052-024-13467-1,,,2,0,2,0,0,0
2024,Journal of High Energy Physics,10.1007/JHEP10(2024)150,2407.13601,gr-qc,4,0,6,0,0,0
2024,Journal of High Energy Physics,10.1007/JHEP10(2024)149,2406.09970,hep-ph,4,0,4,0,0,0
2024,Journal of High Energy Physics,10.1007/JHEP10(2024)148,2403.05208,hep-th,2,0,3,0,0,0
2024,Journal of High Energy Physics,10.1007/JHEP10(2024)145,2311.15681,hep-ph,2,0,4,0,0,0
2024,Journal of High Energy Physics,10.1007/JHEP10(2024)162,2408.06991,hep-th,2,0,4,0,0,0
2024,Journal of High Energy Physics,10.1007/JHEP10(2024)158,2407.01473,hep-ph,4,0,6,0,0,0
2024,European Physical Journal C,10.1140/epjc/s10052-024-13466-2,,,3,0,3,0,0,0
2024,European Physical Journal C,10.1140/epjc/s10052-024-13411-3,,,3,0,3,0,0,0
2024,Journal of High Energy Physics,10.1007/JHEP10(2024)160,2408.09653,hep-th,2,0,2,0,0,0
2024,Journal of High Energy Physics,10.1007/JHEP10(2024)168,2405.12269,hep-th,2,0,2,0,0,0
2024,European Physical Journal C,10.1140/epjc/s10052-024-13487-x,,,4,0,5,0,0,0
2024,Journal of High Energy Physics,10.1007/JHEP10(2024)170,2407.09421,hep-ph,3,0,3,0,0,0
2024,European Physical Journal C,10.1140/epjc/s10052-024-13484-0,2404.17088,hep-ph,4,0,4,0,0,0
2024,European Physical Journal C,10.1140/epjc/s10052-024-13464-4,,,4,0,5,0,0,0
2024,European Physical Journal C,10.1140/epjc/s10052-024-13387-0,,,4,0,4,0,0,0
2024,European Physical Journal C,10.1140/epjc/s10052-024-13439-5,,,3,0,4,0,0,0
2024,Journal of High Energy Physics,10.1007/JHEP10(2024)195,2408.12302,hep-th,2,0,2,0,0,0
2024,Journal of High Energy Physics,10.1007/JHEP10(2024)189,2404.03252,hep-th,4,0,4,0,0,0
2024,Journal of High Energy Physics,10.1007/JHEP10(2024)188,2407.02565,hep-th,3,0,3,0,0,0
2024,Journal of High Energy Physics,10.1007/JHEP10(2024)185,2408.03197,hep-th,4,0,5,0,0,0
2024,Journal of High Energy Physics,10.1007/JHEP10(2024)178,2404.12066,hep-th,2,0,3,0,0,0
2024,Journal of High Energy Physics,10.1007/JHEP10(2024)171,2407.02250,hep-th,3,0,3,0,0,0
2024,European Physical Journal C,10.1140/epjc/s10052-024-13468-0,,,5,0,6,0,0,0
2024,European Physical Journal C,10.1140/epjc/s10052-024-13502-1,,,16,0,18,0,0,0
2024,European Physical Journal C,10.1140/epjc/s10052-024-13631-7,,,3,0,5,0,0,0
2024,Journal of High Energy Physics,10.1007/JHEP11(2024)170,2309.00680,hep-th,1,0,1,0,0,0
2024,Journal of High Energy Physics,10.1007/JHEP10(2024)084,2406.06685,hep-th,2,0,2,0,0,0
2024,European Physical Journal C,10.1140/epjc/s10052-024-13482-2,,,5,0,7,0,0,0
2024,Journal of High Energy Physics,10.1007/JHEP10(2024)205,2407.01002,hep-ph,1,0,1,0,0,0
2024,Journal of High Energy Physics,10.1007/JHEP10(2024)218,2404.18715,gr-qc,3,0,9,0,0,0
2024,Journal of High Energy Physics,10.1007/JHEP10(2024)229,2308.14821,hep-ph,7,0,8,0,0,0
2024,European Physical Journal C,10.1140/epjc/s10052-024-13493-z,,,6,0,6,0,0,0
2024,Journal of High Energy Physics,10.1007/JHEP10(2024)213,2310.16710,hep-ph,2,0,2,0,0,0
2024,European Physical Journal C,10.1140/epjc/s10052-024-13476-0,2407.01580v1,hep-th,2,0,2,0,0,0
2024,Journal of High Energy Physics,10.1007/JHEP10(2024)226,2408.04001,hep-th,4,0,7,0,0,0
2024,Journal of High Energy Physics,10.1007/JHEP10(2024)236,2408.13186,hep-ph,2,0,2,0,0,0
2024,Journal of High Energy Physics,10.1007/JHEP10(2024)232,2405.19446,hep-th,4,0,5,0,0,0
2024,Journal of High Energy Physics,10.1007/JHEP10(2024)239,2408.04623,hep-ph,2,0,3,0,0,0
2024,Journal of High Energy Physics,10.1007/JHEP10(2024)238,2404.14481,hep-th,3,0,3,0,0,0
2024,Journal of High Energy Physics,10.1007/JHEP10(2024)212,2407.16751,hep-ph,2,0,2,0,0,0
2024,Journal of High Energy Physics,10.1007/JHEP10(2024)251,2408.04741,hep-th,3,0,5,0,0,0
2024,Journal of High Energy Physics,10.1007/JHEP10(2024)235,2408.00059,hep-th,3,0,3,0,0,0
2024,Journal of High Energy Physics,10.1007/JHEP10(2024)245,2303.06816,hep-th,4,0,5,0,0,0
2024,Journal of High Energy Physics,10.1007/JHEP10(2024)253,2405.14931,hep-th,1,0,1,0,0,0
2024,Journal of High Energy Physics,10.1007/JHEP10(2024)250,2407.04028,hep-th,4,0,4,0,0,0
2024,Journal of High Energy Physics,10.1007/JHEP10(2024)244,2408.16834,hep-th,2,0,2,0,0,0
2024,Journal of High Energy Physics,10.1007/JHEP11(2024)006,2407.13574,hep-th,4,0,4,0,0,0
2024,Journal of High Energy Physics,10.1007/JHEP11(2024)002,2402.15562,hep-th,1,0,1,0,0,0
2024,European Physical Journal C,10.1140/epjc/s10052-024-13541-8,,,4,0,4,0,0,0
2024,Journal of High Energy Physics,10.1007/JHEP11(2024)019,2407.05865,hep-th,4,0,4,0,0,0
2024,European Physical Journal C,10.1140/epjc/s10052-024-13649-x,,,4,0,4,0,0,0
2024,Journal of High Energy Physics,10.1007/JHEP11(2024)001,2404.14472,hep-th,2,0,4,0,0,0
2024,European Physical Journal C,10.1140/epjc/s10052-024-13395-0,2309.09798,hep-th,1,0,2,0,0,0
2024,Journal of High Energy Physics,10.1007/JHEP11(2024)007,2407.03411,hep-ph,3,0,4,0,0,0
2024,Journal of High Energy Physics,10.1007/JHEP11(2024)027,2407.20816,hep-th,4,0,4,0,0,0
2024,Journal of High Energy Physics,10.1007/JHEP11(2024)035,2405.07463,hep-ph,2,0,3,0,0,0
2024,Journal of High Energy Physics,10.1007/JHEP11(2024)026,2407.13293,hep-th,2,0,2,0,0,0
2024,Journal of High Energy Physics,10.1007/JHEP11(2024)022,2404.14998,hep-th,2,0,2,0,0,0
2024,Journal of High Energy Physics,10.1007/JHEP11(2024)044,2401.09524,quant-ph,3,0,4,0,0,0
2024,Journal of High Energy Physics,10.1007/JHEP11(2024)050,2407.12104,hep-ph,2,0,2,0,0,0
2024,Journal of High Energy Physics,10.1007/JHEP11(2024)049,2407.21100,hep-ph,4,0,4,0,0,0
2024,Journal of High Energy Physics,10.1007/JHEP11(2024)009,2408.07069,astro-ph.CO,3,0,3,0,0,0
2024,Journal of High Energy Physics,10.1007/JHEP11(2024)058,2407.17270,hep-ph,5,0,5,0,0,0
2024,Journal of High Energy Physics,10.1007/JHEP11(2024)056,2408.10070,hep-th,3,0,3,0,0,0
2024,European Physical Journal C,10.1140/epjc/s10052-024-13647-z,,,5,0,5,0,0,0
2024,European Physical Journal C,10.1140/epjc/s10052-024-13655-z,2410.19658,hep-th,2,0,2,0,0,0
2024,Journal of High Energy Physics,10.1007/JHEP11(2024)070,2409.07370,hep-th,3,0,3,0,0,0
2024,Journal of High Energy Physics,10.1007/JHEP11(2024)066,2406.03670,hep-th,1,0,1,0,0,0
2024,Journal of High Energy Physics,10.1007/JHEP11(2024)083,2408.13488,hep-th,1,0,1,0,0,0
2024,Journal of High Energy Physics,10.1007/JHEP11(2024)091,2406.07614,hep-th,3,0,4,0,0,0
2024,Journal of High Energy Physics,10.1007/JHEP11(2024)088,2409.04700,math-ph,1,0,1,0,0,0
2024,Journal of High Energy Physics,10.1007/JHEP11(2024)082,2407.16156,hep-th,1,0,1,0,0,0
2024,Journal of High Energy Physics,10.1007/JHEP11(2024)090,2404.15183,hep-th,3,0,3,0,0,0
2024,Journal of High Energy Physics,10.1007/JHEP11(2024)094,2407.04316,hep-th,3,0,3,0,0,0
2024,Journal of High Energy Physics,10.1007/JHEP11(2024)096,2407.15630,hep-th,1,0,1,0,0,0
2024,Journal of High Energy Physics,10.1007/JHEP11(2024)099,2405.00847,hep-th,2,0,2,0,0,0
2024,European Physical Journal C,10.1140/epjc/s10052-024-13414-0,2404.06204,hep-ex,2931,2851,3242,0,0,0
2024,European Physical Journal C,10.1140/epjc/s10052-024-13603-x,,,1,0,1,0,0,0
2024,Journal of High Energy Physics,10.1007/JHEP12(2024)189,2410.24103,hep-ph,3,3,5,0,0,0
2024,Journal of High Energy Physics,10.1007/JHEP12(2024)215,2410.19088,hep-th,8,8,8,0,0,0
2024,Journal of High Energy Physics,10.1007/JHEP12(2024)220,2408.03252,hep-ph,3,3,4,0,0,0
2024,Journal of High Energy Physics,10.1007/JHEP12(2024)219,2410.05379,hep-ph,3,3,6,0,0,0
2024,Journal of High Energy Physics,10.1007/JHEP12(2024)227,2409.16841,hep-th,3,3,3,0,0,0
2024,Journal of High Energy Physics,10.1007/JHEP12(2024)153,2407.18049,hep-th,4,4,7,0,0,0
2024,Journal of High Energy Physics,10.1007/JHEP12(2024)216,2410.05380,hep-ph,6,6,9,0,0,0
2024,Journal of High Energy Physics,10.1007/JHEP12(2024)197,2404.19014,hep-ph,8,7,11,0,0,0
2024,Journal of High Energy Physics,10.1007/JHEP12(2024)213,2406.09086,hep-th,2,2,3,0,0,0
2024,Journal of High Energy Physics,10.1007/JHEP12(2024)230,2409.17989,hep-th,3,3,3,0,0,0
2024,European Physical Journal C,10.1140/epjc/s10052-024-13645-1,,,3,3,3,0,0,0
2024,European Physical Journal C,10.1140/epjc/s10052-024-13674-w,,,1,0,1,0,0,0
2024,European Physical Journal C,10.1140/epjc/s10052-024-13394-1,,,1079,0,1131,0,0,0
2024,European Physical Journal C,10.1140/epjc/s10052-024-13656-y,2409.09750,gr-qc,3,3,8,0,0,0
2024,European Physical Journal C,10.1140/epjc/s10052-024-13618-4,2401.13746,gr-qc,3,3,4,0,0,0
2024,Journal of High Energy Physics,10.1007/JHEP12(2024)212,2410.04679,hep-th,2,2,4,0,0,0
2024,Journal of High Energy Physics,10.1007/JHEP12(2024)211,2407.02701,hep-ph,4,2,4,0,0,0
2024,Journal of High Energy Physics,10.1007/JHEP12(2024)183,2406.06670,hep-ph,3,3,5,0,0,0
2024,Journal of High Energy Physics,10.1007/JHEP12(2024)206,2410.06500,hep-ex,670,0,962,0,0,0
2024,Journal of High Energy Physics,10.1007/JHEP12(2024)218,2407.06268,hep-th,4,4,8,0,0,0
2024,Journal of High Energy Physics,10.1007/JHEP12(2024)217,2410.18781,hep-th,6,6,11,0,0,0
2024,Journal of High Energy Physics,10.1007/JHEP12(2024)224,2410.23545,hep-th,3,3,9,0,0,0
2024,Journal of High Energy Physics,10.1007/JHEP12(2024)214,2409.15408,hep-ph,5,5,6,0,0,0
2024,Journal of High Energy Physics,10.1007/JHEP12(2024)225,2410.12904,hep-ph,3,3,3,0,0,0
2024,Journal of High Energy Physics,10.1007/JHEP12(2024)229,2407.19550,hep-ph,1,1,3,0,0,0
2024,Journal of High Energy Physics,10.1007/JHEP12(2024)141,2405.05212,hep-ph,8,8,10,0,0,0
2024,Journal of High Energy Physics,10.1007/JHEP12(2024)191,2410.14771,hep-ph,2,2,2,0,0,0
2024,Journal of High Energy Physics,10.1007/JHEP12(2024)194,2409.07521,hep-th,2,2,4,0,0,0
2024,Journal of High Energy Physics,10.1007/JHEP12(2024)208,2408.06594,hep-th,3,3,4,0,0,0
2024,Journal of High Energy Physics,10.1007/JHEP12(2024)199,2410.09050,hep-th,2,2,3,0,0,0
2024,Journal of High Energy Physics,10.1007/JHEP12(2024)204,2409.18802,hep-th,3,3,3,0,0,0
2024,Journal of High Energy Physics,10.1007/JHEP12(2024)190,2403.03252,hep-ph,4,4,5,0,0,0
2024,Journal of High Energy Physics,10.1007/JHEP12(2024)221,2409.08146,hep-ph,5,5,7,0,0,0
2024,Journal of High Energy Physics,10.1007/JHEP12(2024)195,2406.08541,hep-th,3,3,4,0,0,0
2024,Journal of High Energy Physics,10.1007/JHEP12(2024)193,2409.08317,hep-th,2,2,3,0,0,0
2024,Journal of High Energy Physics,10.1007/JHEP12(2024)207,2409.12898,hep-th,1,1,2,0,0,0
2024,Journal of High Energy Physics,10.1007/JHEP12(2024)223,2404.16028,hep-th,2,2,2,0,0,0
2024,Journal of High Energy Physics,10.1007/JHEP12(2024)196,2401.09411,astro-ph.CO,4,4,6,0,0,0
2024,Journal of High Energy Physics,10.1007/JHEP12(2024)173,2301.12922,hep-ex,582,0,817,0,0,0
2024,Journal of High Energy Physics,10.1007/JHEP12(2024)059,2407.06277,hep-ph,2,2,2,0,0,0
2024,Journal of High Energy Physics,10.1007/JHEP12(2024)076,2406.14600,hep-th,2,2,2,0,0,0
2024,Journal of High Energy Physics,10.1007/JHEP12(2024)080,2406.17013,hep-ph,2,2,3,0,0,0
2024,Journal of High Energy Physics,10.1007/JHEP12(2024)066,2407.06252,hep-ph,3,3,4,0,0,0
2024,Journal of High Energy Physics,10.1007/JHEP12(2024)070,2406.04186,hep-th,4,4,5,0,0,0
2024,Journal of High Energy Physics,10.1007/JHEP12(2024)085,2409.08131,hep-th,1,0,1,0,0,0
2024,Journal of High Energy Physics,10.1007/JHEP12(2024)082,2307.13745,hep-th,4,4,5,0,0,0
2024,Journal of High Energy Physics,10.1007/JHEP12(2024)079,2406.03784,hep-th,1,1,1,0,0,0
2024,Journal of High Energy Physics,10.1007/JHEP12(2024)086,2409.01332,hep-th,3,3,4,0,0,0
2024,Journal of High Energy Physics,10.1007/JHEP12(2024)087,2408.01403,hep-th,3,3,6,0,0,0
2024,Journal of High Energy Physics,10.1007/JHEP12(2024)084,2402.04306,hep-ph,4,4,5,0,0,0
2024,Journal of High Energy Physics,10.1007/JHEP12(2024)083,2312.17132,hep-th,3,3,3,0,0,0
2024,Journal of High Energy Physics,10.1007/JHEP12(2024)075,2410.00220,hep-ph,2,2,2,0,0,0
2024,Journal of High Energy Physics,10.1007/JHEP12(2024)077,2408.14535,hep-th,4,4,4,0,0,0
2024,Journal of High Energy Physics,10.1007/JHEP12(2024)069,2406.00094,hep-ph,4,4,9,0,0,0
2024,Journal of High Energy Physics,10.1007/JHEP12(2024)068,2407.13556,hep-th,3,3,3,0,0,0
2024,Journal of High Energy Physics,10.1007/JHEP12(2024)063,2409.15419,hep-th,3,3,3,0,0,0
2024,Journal of High Energy Physics,10.1007/JHEP12(2024)072,2409.03830,hep-ph,2,2,2,0,0,0
2024,Journal of High Energy Physics,10.1007/JHEP12(2024)064,2404.10056,hep-ph,4,4,4,0,0,0
2024,Journal of High Energy Physics,10.1007/JHEP12(2024)074,2403.05819,hep-ph,2,2,2,0,0,0
2024,Journal of High Energy Physics,10.1007/JHEP12(2024)088,2205.02722,hep-th,2,2,3,0,0,0
2024,Journal of High Energy Physics,10.1007/JHEP12(2024)090,2402.14164,hep-th,1,1,1,0,0,0
2024,Journal of High Energy Physics,10.1007/JHEP12(2024)062,2408.16646,hep-ex,1120,0,1257,0,0,0
2024,Journal of High Energy Physics,10.1007/JHEP12(2024)081,2407.07978,gr-qc,3,3,3,0,0,0
2024,Journal of High Energy Physics,10.1007/JHEP12(2024)065,2405.20371,hep-ph,4,4,9,0,0,0
2024,Journal of High Energy Physics,10.1007/JHEP12(2024)071,2406.01675,hep-ph,5,5,11,0,0,0
2024,Journal of High Energy Physics,10.1007/JHEP12(2024)099,2406.14614,hep-ph,4,4,6,0,0,0
2024,Journal of High Energy Physics,10.1007/JHEP12(2024)095,2407.19742,hep-th,3,3,3,0,0,0
2024,Journal of High Energy Physics,10.1007/JHEP12(2024)092,2407.20326,hep-th,3,3,5,0,0,0
2024,Journal of High Energy Physics,10.1007/JHEP12(2024)098,2409.06776,hep-ph,4,4,4,0,0,0
2024,Journal of High Energy Physics,10.1007/JHEP12(2024)094,2410.17074,hep-th,2,2,2,0,0,0
2024,Journal of High Energy Physics,10.1007/JHEP12(2024)108,2404.11694,hep-th,3,2,3,0,0,0
2024,Journal of High Energy Physics,10.1007/JHEP12(2024)106,2410.03336,hep-ph,2,2,3,0,0,0
2024,Journal of High Energy Physics,10.1007/JHEP12(2024)100,2401.06128,hep-th,2,2,3,0,0,0
2024,Journal of High Energy Physics,10.1007/JHEP10(2024)018,2403.10634,hep-th,4,4,4,0,0,0
2024,Journal of High Energy Physics,10.1007/JHEP10(2024)028,2304.05650,gr-qc,2,2,2,0,0,0
2024,Journal of High Energy Physics,10.1007/JHEP10(2024)027,2405.17540,hep-ph,5,4,7,0,0,0
2024,Journal of High Energy Physics,10.1007/JHEP10(2024)024,2408.13198,hep-th,2,2,2,0,0,0
2024,Journal of High Energy Physics,10.1007/JHEP10(2024)022,2405.20566,hep-lat,4,4,7,0,0,0
2024,Journal of High Energy Physics,10.1007/JHEP10(2024)016,2406.17599,hep-ph,5,5,7,0,0,0
2024,Journal of High Energy Physics,10.1007/JHEP10(2024)031,2407.21496,hep-ph,5,4,11,0,0,0
2024,Journal of High Energy Physics,10.1007/JHEP10(2024)042,2401.06700,nlin.PS,5,5,5,0,0,0
2024,Journal of High Energy Physics,10.1007/JHEP10(2024)032,2404.12476,hep-ph,5,5,5,0,0,0
2024,Journal of High Energy Physics,10.1007/JHEP10(2024)047,2405.00776,hep-th,1,1,2,0,0,0
2024,European Physical Journal C,10.1140/epjc/s10052-024-13301-8,,,12,1,14,0,0,0
2024,European Physical Journal C,10.1140/epjc/s10052-024-13364-7,,,3,0,5,0,0,0
2024,European Physical Journal C,10.1140/epjc/s10052-024-13380-7,,,3,1,3,0,0,0
2024,European Physical Journal C,10.1140/epjc/s10052-024-13410-4,2408.08755v1,hep-th,2,0,2,0,0,0
2024,European Physical Journal C,10.1140/epjc/s10052-024-13393-2,2405.12014,physics.ins-det,22,1,27,0,0,0
2024,European Physical Journal C,10.1140/epjc/s10052-024-13336-x,2405.06990v2,hep-ph,14,1,15,0,0,0
2024,European Physical Journal C,10.1140/epjc/s10052-024-13369-2,,,4,1,5,0,0,0
2024,European Physical Journal C,10.1140/epjc/s10052-024-13424-y,,,5,0,9,0,0,0
2024,European Physical Journal C,10.1140/epjc/s10052-024-13374-5,2312.12272,hep-ex,7,7,10,0,0,0
2024,European Physical Journal C,10.1140/epjc/s10052-024-13420-2,,,5,0,8,0,0,0
2024,European Physical Journal C,10.1140/epjc/s10052-024-13367-4,2407.14060,hep-th,2,0,3,0,0,0
2024,Journal of High Energy Physics,10.1007/JHEP10(2024)054,2406.14926,hep-th,3,1,3,0,0,0
2024,Journal of High Energy Physics,10.1007/JHEP10(2024)078,2205.09146,hep-th,2,2,5,0,0,0
2024,Journal of High Energy Physics,10.1007/JHEP10(2024)074,2402.01606,hep-th,2,2,2,0,0,0
2024,Journal of High Energy Physics,10.1007/JHEP10(2024)066,2403.02301,hep-th,3,3,5,0,0,0
2024,Journal of High Energy Physics,10.1007/JHEP10(2024)071,2406.19330,hep-th,4,4,5,0,0,0
2024,Journal of High Energy Physics,10.1007/JHEP10(2024)049,2407.11971,hep-th,6,4,6,0,0,0
2024,European Physical Journal C,10.1140/epjc/s10052-024-13352-x,,,81,0,110,0,0,0
2024,Journal of High Energy Physics,10.1007/JHEP10(2024)092,2402.01847,hep-th,3,2,3,0,0,0
2024,Journal of High Energy Physics,10.1007/JHEP10(2024)075,2311.13631,hep-th,2,2,5,0,0,0
2024,Journal of High Energy Physics,10.1007/JHEP10(2024)085,2404.05589,hep-th,1,1,1,0,0,0
2024,Journal of High Energy Physics,10.1007/JHEP10(2024)090,2404.19240,math-ph,4,1,11,0,0,0
2024,Journal of High Energy Physics,10.1007/JHEP10(2024)072,2403.01040,hep-th,5,5,5,0,0,0
2024,European Physical Journal C,10.1140/epjc/s10052-024-13437-7,,,2,0,2,0,0,0
2024,European Physical Journal C,10.1140/epjc/s10052-024-13620-w,,,2,1,2,0,0,0
2024,European Physical Journal C,10.1140/epjc/s10052-024-13658-w,,,4,4,7,0,0,0
2024,European Physical Journal C,10.1140/epjc/s10052-024-13665-x,2406.17040,hep-ph,3,3,3,0,0,0
2024,European Physical Journal C,10.1140/epjc/s10052-024-13306-3,2406.07514,physics.ins-det,182,0,186,0,0,0
2024,Journal of High Energy Physics,10.1007/JHEP10(2024)097,2406.15860,hep-th,3,0,3,0,0,0
2024,Journal of High Energy Physics,10.1007/JHEP10(2024)099,2404.06185,hep-th,1,1,1,0,0,0
2024,European Physical Journal C,10.1140/epjc/s10052-024-13671-z,2410.01701,hep-ph,5,5,13,0,0,0
2024,European Physical Journal C,10.1140/epjc/s10052-024-13673-x,,,1,1,2,0,0,0
2024,European Physical Journal C,10.1140/epjc/s10052-024-13690-w,,,6,1,12,0,0,0
2024,European Physical Journal C,10.1140/epjc/s10052-024-13683-9,,,3,3,3,0,0,0
2024,European Physical Journal C,10.1140/epjc/s10052-024-13657-x,2309.11802,hep-ph,4,4,6,0,0,0
2024,European Physical Journal C,10.1140/epjc/s10052-024-13614-8,2403.07756,hep-ph,3,3,5,0,0,0
2024,European Physical Journal C,10.1140/epjc/s10052-024-13622-8,2406.00353,hep-ph,4,1,4,0,0,0
2024,Journal of High Energy Physics,10.1007/JHEP10(2024)061,2404.08462,hep-ex,2364,0,2585,0,0,0
2024,Journal of High Energy Physics,10.1007/JHEP10(2024)103,2211.05795,hep-th,5,4,10,0,0,0
2024,European Physical Journal C,10.1140/epjc/s10052-024-13423-z,,,188,1,192,0,0,0
2024,European Physical Journal C,10.1140/epjc/s10052-024-13435-9,,,4,1,7,0,0,0
2024,European Physical Journal C,10.1140/epjc/s10052-024-13706-5,2405.16162,hep-ph,4,1,5,0,0,0
2024,European Physical Journal C,10.1140/epjc/s10052-024-13688-4,,,3,3,4,0,0,0
2024,Journal of High Energy Physics,10.1007/JHEP10(2024)104,2405.20926,hep-ex,2914,0,3104,0,0,0
2024,European Physical Journal C,10.1140/epjc/s10052-024-13211-9,2312.05175v2,hep-ph,12,1,14,0,0,0
2024,European Physical Journal C,10.1140/epjc/s10052-024-13368-3,2407.05397v3,hep-ph,1,0,1,0,0,0
2024,European Physical Journal C,10.1140/epjc/s10052-024-13712-7,,,2,1,2,0,0,0
2024,European Physical Journal C,10.1140/epjc/s10052-024-13711-8,2406.09036,gr-qc,3,3,7,0,0,0
2024,Journal of High Energy Physics,10.1007/JHEP12(2024)089,2303.05521,hep-th,1,1,1,0,0,0
2024,Journal of High Energy Physics,10.1007/JHEP12(2024)091,2409.02178,hep-ph,4,4,5,0,0,0
2024,Journal of High Energy Physics,10.1007/JHEP12(2024)093,2407.01249,hep-ex,1,1,3,0,0,0
2024,Journal of High Energy Physics,10.1007/JHEP12(2024)096,2408.14813,hep-th,5,5,7,0,0,0
2024,Journal of High Energy Physics,10.1007/JHEP12(2024)104,2409.02180,hep-th,2,2,2,0,0,0
2024,Journal of High Energy Physics,10.1007/JHEP12(2024)102,2410.00115,hep-ph,3,3,5,0,0,0
2024,Journal of High Energy Physics,10.1007/JHEP12(2024)107,2408.08479,hep-th,2,2,2,0,0,0
2024,Journal of High Energy Physics,10.1007/JHEP12(2024)103,2408.03989,hep-ph,3,2,3,0,0,0
2024,Journal of High Energy Physics,10.1007/JHEP12(2024)097,2408.11190,hep-ph,2,2,4,0,0,0
2024,European Physical Journal C,10.1140/epjc/s10052-024-13070-4,2403.02133v1,hep-ex,2902,0,3189,0,0,0
2024,Journal of High Energy Physics,10.1007/JHEP10(2024)014,2406.13965,cond-mat.quant-gas,3,3,8,0,0,0
2024,Journal of High Energy Physics,10.1007/JHEP10(2024)009,2406.17468,hep-ph,3,1,5,0,0,0
2024,Journal of High Energy Physics,10.1007/JHEP10(2024)015,2407.08660,hep-ph,2,1,4,0,0,0
2024,European Physical Journal C,10.1140/epjc/s10052-024-13678-6,,,2,1,2,0,0,0
2024,European Physical Journal C,10.1140/epjc/s10052-024-13646-0,,,3,1,3,0,0,0
2024,European Physical Journal C,10.1140/epjc/s10052-024-13663-z,2409.06841v1,astro-ph.HE,3,3,5,0,0,0
2024,Journal of High Energy Physics,10.1007/JHEP10(2024)004,2408.07383,hep-ph,5,5,10,0,0,0
2024,Journal of High Energy Physics,10.1007/JHEP10(2024)021,2407.16758,hep-th,6,3,6,0,0,0
2024,Journal of High Energy Physics,10.1007/JHEP10(2024)026,2403.07528,hep-ph,4,4,7,0,0,0
2024,Journal of High Energy Physics,10.1007/JHEP10(2024)040,2406.08538,hep-th,4,4,9,0,0,0
2024,Journal of High Energy Physics,10.1007/JHEP10(2024)030,2407.14392,hep-th,3,3,3,0,0,0
2024,Journal of High Energy Physics,10.1007/JHEP10(2024)043,2404.04805,hep-th,2,0,4,0,0,0
2024,European Physical Journal C,10.1140/epjc/s10052-024-13282-8,,,58,0,75,0,0,0
2024,European Physical Journal C,10.1140/epjc/s10052-024-13419-9,,,3,0,8,0,0,0
2024,European Physical Journal C,10.1140/epjc/s10052-024-13389-y,,,4,1,5,0,0,0
2024,European Physical Journal C,10.1140/epjc/s10052-024-13392-3,,,11,0,13,0,0,0
2024,European Physical Journal C,10.1140/epjc/s10052-024-13373-6,,,7,0,10,0,0,0
2024,European Physical Journal C,10.1140/epjc/s10052-024-13400-6,,,4,0,7,0,0,0
2024,European Physical Journal C,10.1140/epjc/s10052-024-13324-1,2401.17068v1,physics.acc-ph,5,1,9,0,0,0
2024,European Physical Journal C,10.1140/epjc/s10052-024-13378-1,2404.18829,nucl-th,5,1,6,0,0,0
2024,Journal of High Energy Physics,10.1007/JHEP10(2024)056,2309.16576,hep-ph,2,2,3,0,0,0
2024,Journal of High Energy Physics,10.1007/JHEP10(2024)058,2405.18332,hep-ph,7,7,9,0,0,0
2024,European Physical Journal C,10.1140/epjc/s10052-024-13421-1,,,10,9,13,0,0,0
2024,Journal of High Energy Physics,10.1007/JHEP10(2024)053,2403.14816,hep-th,8,8,10,0,0,0
2024,European Physical Journal C,10.1140/epjc/s10052-024-13428-8,2407.02868v1,hep-th,3,2,3,0,0,0
2024,Journal of High Energy Physics,10.1007/JHEP10(2024)068,2407.06260,hep-th,4,4,5,0,0,0
2024,European Physical Journal C,10.1140/epjc/s10052-024-13669-7,,,4,1,4,0,0,0
2024,European Physical Journal C,10.1140/epjc/s10052-024-13481-3,,,1,0,2,0,0,0
2024,European Physical Journal C,10.1140/epjc/s10052-024-13661-1,,,6,0,7,0,0,0
2024,European Physical Journal C,10.1140/epjc/s10052-024-13699-1,,,4,0,6,0,0,0
2024,European Physical Journal C,10.1140/epjc/s10052-024-13680-y,,,3,1,3,0,0,0
2024,European Physical Journal C,10.1140/epjc/s10052-024-13668-8,2302.13648,astro-ph.HE,3,3,3,0,0,0
2024,Journal of High Energy Physics,10.1007/JHEP10(2024)094,2407.06815,hep-ph,8,5,12,0,0,0
2024,Journal of High Energy Physics,10.1007/JHEP10(2024)100,2406.18647,hep-ph,4,3,4,0,0,0
2024,European Physical Journal C,10.1140/epjc/s10052-024-13684-8,2410.00743,gr-qc,4,4,5,0,0,0
2024,European Physical Journal C,10.1140/epjc/s10052-024-13190-x,2403.15085,hep-ex,2898,0,3191,0,0,0
2024,European Physical Journal C,10.1140/epjc/s10052-024-13710-9,2410.23204,hep-ph,5,5,11,0,0,0
2024,European Physical Journal C,10.1140/epjc/s10052-024-13714-5,2410.19261,gr-qc,3,1,6,0,0,0
2024,European Physical Journal C,10.1140/epjc/s10052-024-13664-y,,,1,1,1,0,0,0
2024,European Physical Journal C,10.1140/epjc/s10052-024-13713-6,,,3,3,4,0,0,0
2024,European Physical Journal C,10.1140/epjc/s10052-024-13662-0,,,3,1,5,0,0,0
2024,European Physical Journal C,10.1140/epjc/s10052-024-13707-4,,,4,4,7,0,0,0
2024,European Physical Journal C,10.1140/epjc/s10052-024-13709-2,2410.16396v1,hep-ph,1,1,1,0,0,0
2024,European Physical Journal C,10.1140/epjc/s10052-024-13691-9,,,4,3,7,0,0,0
2024,European Physical Journal C,10.1140/epjc/s10052-024-13114-9,2401.16303,hep-ex,2354,0,2521,0,0,0
2024,Journal of High Energy Physics,10.1007/JHEP10(2024)115,2408.00658,hep-th,3,3,3,0,0,0
2024,Journal of High Energy Physics,10.1007/JHEP10(2024)111,2406.15033,hep-th,3,3,3,0,0,0
2024,Journal of High Energy Physics,10.1007/JHEP10(2024)108,2407.08627,hep-th,3,2,4,0,0,0
2024,Journal of High Energy Physics,10.1007/JHEP10(2024)116,2405.16037,hep-ph,6,1,19,0,0,0
2024,European Physical Journal C,10.1140/epjc/s10052-024-13704-7,,,4,4,6,0,0,0
2024,European Physical Journal C,10.1140/epjc/s10052-024-13696-4,,,1,1,1,0,0,0
2024,European Physical Journal C,10.1140/epjc/s10052-024-13702-9,,,6,6,14,0,0,0
2024,European Physical Journal C,10.1140/epjc/s10052-024-13685-7,,,1,1,1,0,0,0
2024,European Physical Journal C,10.1140/epjc/s10052-024-13666-w,2408.05742,hep-ph,3,1,3,0,0,0
2024,European Physical Journal C,10.1140/epjc/s10052-024-13654-0,2405.20615v2,gr-qc,2,2,2,0,0,0
2024,Journal of High Energy Physics,10.1007/JHEP12(2024)042,2403.07050,hep-th,2,2,3,0,0,0
2024,Journal of High Energy Physics,10.1007/JHEP12(2024)018,2401.17613,hep-ph,4,4,5,0,0,0
2024,Journal of High Energy Physics,10.1007/JHEP12(2024)056,2405.19447,hep-ph,3,1,6,0,0,0
2024,Journal of High Energy Physics,10.1007/JHEP12(2024)049,2403.15535,hep-th,2,1,2,0,0,0
2024,European Physical Journal C,10.1140/epjc/s10052-024-13615-7,2409.05955,hep-ph,4,3,4,0,0,0
2024,Journal of High Energy Physics,10.1007/JHEP12(2024)055,2407.09600,hep-ph,4,4,4,0,0,0
2024,Journal of High Energy Physics,10.1007/JHEP12(2024)041,2409.15430,hep-th,2,2,2,0,0,0
2024,Journal of High Energy Physics,10.1007/JHEP12(2024)053,2410.10970,hep-th,5,4,6,0,0,0
2024,Journal of High Energy Physics,10.1007/JHEP12(2024)046,2408.10318,hep-ph,3,3,4,0,0,0
2024,Journal of High Energy Physics,10.1007/JHEP12(2024)048,2308.04490,hep-th,2,2,2,0,0,0
2024,Journal of High Energy Physics,10.1007/JHEP12(2024)057,2407.07945,hep-ph,3,3,3,0,0,0
2024,Journal of High Energy Physics,10.1007/JHEP12(2024)058,2407.21643,nucl-th,3,3,3,0,0,0
2024,Journal of High Energy Physics,10.1007/JHEP12(2024)060,2311.18421,gr-qc,2,2,2,0,0,0
2024,Journal of High Energy Physics,10.1007/JHEP12(2024)035,2407.08012,hep-ex,2331,0,2543,0,0,0
2024,European Physical Journal C,10.1140/epjc/s10052-024-13635-3,,,1,1,2,0,0,0
2024,European Physical Journal C,10.1140/epjc/s10052-024-13601-z,,,5,1,9,0,0,0
2024,European Physical Journal C,10.1140/epjc/s10052-024-13637-1,2410.11922,gr-qc,2,2,2,0,0,0
2024,European Physical Journal C,10.1140/epjc/s10052-024-13609-5,2403.12679,gr-qc,3,3,10,0,0,0
2024,European Physical Journal C,10.1140/epjc/s10052-024-13480-4,,,15,0,19,0,0,0
2024,Journal of High Energy Physics,10.1007/JHEP12(2024)044,2405.15946,hep-th,4,3,4,0,0,0
2024,Journal of High Energy Physics,10.1007/JHEP12(2024)040,2406.09889,cond-mat.stat-mech,2,2,3,0,0,0
2024,Journal of High Energy Physics,10.1007/JHEP12(2024)050,2312.13133,hep-th,1,1,1,0,0,0
2024,Journal of High Energy Physics,10.1007/JHEP12(2024)045,2410.18674,hep-ph,3,1,3,0,0,0
2024,Journal of High Energy Physics,10.1007/JHEP12(2024)054,2409.05058,hep-th,1,1,1,0,0,0
2024,Journal of High Energy Physics,10.1007/JHEP12(2024)039,2408.00587,hep-th,5,5,5,0,0,0
2024,Journal of High Energy Physics,10.1007/JHEP12(2024)024,2206.07066,gr-qc,2,2,3,0,0,0
2024,Journal of High Energy Physics,10.1007/JHEP12(2024)043,2406.08405,hep-th,1,1,2,0,0,0
2024,Journal of High Energy Physics,10.1007/JHEP12(2024)047,2408.05208,hep-th,2,2,2,0,0,0
2024,Journal of High Energy Physics,10.1007/JHEP12(2024)052,2312.07611,hep-th,3,3,3,0,0,0
2024,Journal of High Energy Physics,10.1007/JHEP12(2024)051,2402.13327,hep-th,6,6,8,0,0,0
2024,Journal of High Energy Physics,10.1007/JHEP12(2024)061,2409.20354,hep-ph,5,5,8,0,0,0
2024,Journal of High Energy Physics,10.1007/JHEP12(2024)028,2407.11132,hep-th,3,1,4,0,0,0
2024,Journal of High Energy Physics,10.1007/JHEP12(2024)032,2407.10819,hep-ex,2936,0,3120,0,0,0
2024,European Physical Journal C,10.1140/epjc/s10052-024-13478-y,2407.14261,hep-ex,1084,0,1200,0,0,0
2024,European Physical Journal C,10.1140/epjc/s10052-024-13547-2,2406.01430,hep-ex,80,0,95,0,0,0
2024,European Physical Journal C,10.1140/epjc/s10052-024-13660-2,,,3,3,4,0,0,0
2024,European Physical Journal C,10.1140/epjc/s10052-024-13676-8,,,3,3,4,0,0,0
2024,European Physical Journal C,10.1140/epjc/s10052-024-13700-x,,,4,0,6,0,0,0
2024,European Physical Journal C,10.1140/epjc/s10052-024-13698-2,2406.00932,gr-qc,2,2,2,0,0,0
2024,Journal of High Energy Physics,10.1007/JHEP10(2024)131,2403.07049,hep-th,3,1,7,0,0,0
2024,European Physical Journal C,10.1140/epjc/s10052-024-13402-4,2408.05004,hep-th,3,1,4,0,0,0
2024,Journal of High Energy Physics,10.1007/JHEP10(2024)133,2407.12641,hep-ph,2,1,2,0,0,0
2024,Journal of High Energy Physics,10.1007/JHEP10(2024)132,2406.03540,hep-ph,2,2,6,0,0,0
2024,European Physical Journal C,10.1140/epjc/s10052-024-13416-y,,,53,0,63,0,0,0
2024,European Physical Journal C,10.1140/epjc/s10052-024-13381-6,,,1,0,2,0,0,0
2024,Journal of High Energy Physics,10.1007/JHEP10(2024)151,2312.03623,hep-th,2,2,2,0,0,0
2024,European Physical Journal C,10.1140/epjc/s10052-024-13426-w,,,5,0,7,0,0,0
2024,Journal of High Energy Physics,10.1007/JHEP10(2024)139,2407.10110,nucl-ex,362,0,372,0,0,0
2024,Journal of High Energy Physics,10.1007/JHEP10(2024)144,2406.19456,hep-ph,4,4,5,0,0,0
2024,Journal of High Energy Physics,10.1007/JHEP10(2024)141,2407.03405,hep-th,4,1,8,0,0,0
2024,Journal of High Energy Physics,10.1007/JHEP10(2024)142,2409.04436,astro-ph.CO,4,4,5,0,0,0
2024,Journal of High Energy Physics,10.1007/JHEP10(2024)140,2406.11304,hep-th,3,3,7,0,0,0
2024,Journal of High Energy Physics,10.1007/JHEP10(2024)156,2408.16734,hep-th,3,3,3,0,0,0
2024,Journal of High Energy Physics,10.1007/JHEP10(2024)166,2406.15014,hep-ph,1,1,2,0,0,0
2024,Journal of High Energy Physics,10.1007/JHEP10(2024)159,2305.11839,hep-th,4,2,6,0,0,0
2024,Journal of High Energy Physics,10.1007/JHEP10(2024)193,2408.07366,hep-ph,4,4,7,0,0,0
2024,Journal of High Energy Physics,10.1007/JHEP10(2024)200,2401.01254,hep-th,2,1,4,0,0,0
2024,Journal of High Energy Physics,10.1007/JHEP10(2024)177,2407.01753,hep-th,4,4,5,0,0,0
2024,Journal of High Energy Physics,10.1007/JHEP10(2024)183,2407.12905,hep-th,3,3,3,0,0,0
2024,Journal of High Energy Physics,10.1007/JHEP10(2024)179,2406.19182,hep-th,1,1,1,0,0,0
2024,European Physical Journal C,10.1140/epjc/s10052-024-13453-7,,,5,0,6,0,0,0
2024,European Physical Journal C,10.1140/epjc/s10052-024-13463-5,,,4,1,10,0,0,0
2024,Journal of High Energy Physics,10.1007/JHEP10(2024)192,2405.15594,hep-th,4,1,4,0,0,0
2024,European Physical Journal C,10.1140/epjc/s10052-024-13471-5,2406.05713,physics.ins-det,58,1,77,0,0,0
2024,European Physical Journal C,10.1140/epjc/s10052-024-13485-z,,,2,1,3,0,0,0
2024,Journal of High Energy Physics,10.1007/JHEP10(2024)211,2408.05429,hep-ph,6,2,6,0,0,0
2024,Journal of High Energy Physics,10.1007/JHEP10(2024)225,2406.09705,hep-ph,2,2,2,0,0,0
2024,Journal of High Energy Physics,10.1007/JHEP10(2024)223,2407.10948,hep-ph,1,1,2,0,0,0
2024,Journal of High Energy Physics,10.1007/JHEP10(2024)220,2403.08696,hep-th,5,5,6,0,0,0
2024,Journal of High Energy Physics,10.1007/JHEP10(2024)215,2405.08220,hep-ph,3,1,4,0,0,0
2024,Journal of High Energy Physics,10.1007/JHEP10(2024)207,2405.13111,hep-th,3,3,4,0,0,0
2024,Journal of High Energy Physics,10.1007/JHEP10(2024)237,2408.10313,hep-th,3,3,6,0,0,0
2024,Journal of High Energy Physics,10.1007/JHEP10(2024)234,2312.07667,hep-th,3,3,5,0,0,0
2024,Journal of High Energy Physics,10.1007/JHEP10(2024)231,2312.16282,hep-th,5,4,10,0,0,0
2024,Journal of High Energy Physics,10.1007/JHEP10(2024)227,2403.07509,hep-th,3,3,4,0,0,0
2024,Journal of High Energy Physics,10.1007/JHEP10(2024)242,2401.06099,hep-th,3,3,3,0,0,0
2024,Journal of High Energy Physics,10.1007/JHEP10(2024)241,2407.01741,hep-th,2,2,2,0,0,0
2024,European Physical Journal C,10.1140/epjc/s10052-024-13497-9,,,4,4,4,0,0,0
2024,European Physical Journal C,10.1140/epjc/s10052-024-13474-2,,,2,1,2,0,0,0
2024,European Physical Journal C,10.1140/epjc/s10052-024-13417-x,2408.02611,gr-qc,5,1,5,0,0,0
2024,European Physical Journal C,10.1140/epjc/s10052-024-13477-z,,,4,1,6,0,0,0
2024,European Physical Journal C,10.1140/epjc/s10052-024-13512-z,,,2,1,2,0,0,0
2024,European Physical Journal C,10.1140/epjc/s10052-024-13510-1,2408.02500,nucl-ex,11,0,13,0,0,0
2024,European Physical Journal C,10.1140/epjc/s10052-024-13486-y,2404.03352,hep-ph,3,1,5,0,0,0
2024,European Physical Journal C,10.1140/epjc/s10052-024-13511-0,,,3,3,5,0,0,0
2024,Journal of High Energy Physics,10.1007/JHEP10(2024)187,2407.21663,hep-ex,87,0,103,0,0,0
2024,European Physical Journal C,10.1140/epjc/s10052-024-13708-3,,,2,2,2,0,0,0
2024,Journal of High Energy Physics,10.1007/JHEP10(2024)191,2403.09452,hep-ex,2909,0,3091,0,0,0
2024,Journal of High Energy Physics,10.1007/JHEP10(2024)255,2407.17860,hep-th,2,2,3,0,0,0
2024,European Physical Journal C,10.1140/epjc/s10052-024-13501-2,2408.01497v1,hep-ph,4,4,10,0,0,0
2024,Journal of High Energy Physics,10.1007/JHEP10(2024)254,2407.14550,hep-ph,2,2,2,0,0,0
2024,Journal of High Energy Physics,10.1007/JHEP11(2024)008,2408.11088,hep-th,5,4,6,0,0,0
2024,Journal of High Energy Physics,10.1007/JHEP11(2024)021,2407.11221,hep-th,3,1,4,0,0,0
2024,Journal of High Energy Physics,10.1007/JHEP11(2024)015,2407.13398,hep-th,3,1,5,0,0,0
2024,Journal of High Energy Physics,10.1007/JHEP11(2024)017,2405.08880,hep-ph,3,0,3,0,0,0
2024,Journal of High Energy Physics,10.1007/JHEP11(2024)012,2407.05962,hep-th,4,4,4,0,0,0
2024,Journal of High Energy Physics,10.1007/JHEP11(2024)018,2405.01444,nucl-ex,5,5,9,0,0,0
2024,Journal of High Energy Physics,10.1007/JHEP12(2024)159,2409.16113,hep-ph,3,3,3,0,0,0
2024,Journal of High Energy Physics,10.1007/JHEP12(2024)148,2409.19953,hep-th,3,3,3,0,0,0
2024,Journal of High Energy Physics,10.1007/JHEP12(2024)167,2404.08845,hep-th,2,2,3,0,0,0
2024,Journal of High Energy Physics,10.1007/JHEP12(2024)149,2409.06766,hep-th,4,4,4,0,0,0
2024,Journal of High Energy Physics,10.1007/JHEP12(2024)165,2406.02698,hep-th,3,3,3,0,0,0
2024,Journal of High Energy Physics,10.1007/JHEP12(2024)131,2405.19218,hep-th,3,0,6,0,0,0
2024,Journal of High Energy Physics,10.1007/JHEP12(2024)133,2409.11072,hep-th,2,2,2,0,0,0
2024,Journal of High Energy Physics,10.1007/JHEP12(2024)132,2406.17449,hep-th,3,3,3,0,0,0
2024,Journal of High Energy Physics,10.1007/JHEP12(2024)138,2312.16681,gr-qc,3,3,5,0,0,0
2024,Journal of High Energy Physics,10.1007/JHEP12(2024)143,2410.13791,hep-th,3,2,4,0,0,0
2024,Journal of High Energy Physics,10.1007/JHEP11(2024)020,2408.05154,hep-th,5,5,5,0,0,0
2024,Journal of High Energy Physics,10.1007/JHEP11(2024)005,2409.02982,hep-th,2,2,3,0,0,0
2024,European Physical Journal C,10.1140/epjc/s10052-024-13444-8,,,6,2,8,0,0,0
2024,Journal of High Energy Physics,10.1007/JHEP11(2024)028,2409.04523,hep-th,3,3,4,0,0,0
2024,Journal of High Energy Physics,10.1007/JHEP11(2024)034,2407.18298,hep-ph,5,5,8,0,0,0
2024,Journal of High Energy Physics,10.1007/JHEP11(2024)033,2406.10879,hep-th,1,1,1,0,0,0
2024,Journal of High Energy Physics,10.1007/JHEP11(2024)025,2307.06226,hep-ph,4,4,5,0,0,0
2024,Journal of High Energy Physics,10.1007/JHEP11(2024)054,2312.00871,hep-th,3,3,3,0,0,0
2024,Journal of High Energy Physics,10.1007/JHEP11(2024)024,2407.12911,hep-th,5,5,6,0,0,0
2024,Journal of High Energy Physics,10.1007/JHEP12(2024)126,2409.20381,hep-ex,2922,0,3106,0,0,0
2024,Journal of High Energy Physics,10.1007/JHEP12(2024)125,2407.01667,hep-ph,4,4,6,0,0,0
2024,Journal of High Energy Physics,10.1007/JHEP12(2024)123,2407.01978,hep-th,4,4,4,0,0,0
2024,Journal of High Energy Physics,10.1007/JHEP11(2024)076,2406.13818,hep-ph,5,5,9,0,0,0
2024,European Physical Journal C,10.1140/epjc/s10052-024-13520-z,,,3,1,4,0,0,0
2024,Journal of High Energy Physics,10.1007/JHEP11(2024)089,2408.04219,hep-th,1,1,2,0,0,0
2024,Journal of High Energy Physics,10.1007/JHEP11(2024)087,2401.09597,hep-th,2,2,2,0,0,0
2024,Journal of High Energy Physics,10.1007/JHEP11(2024)084,2409.12786,hep-th,5,5,6,0,0,0
2024,Journal of High Energy Physics,10.1007/JHEP12(2024)122,2407.08379,hep-th,3,2,3,0,0,0
2024,Journal of High Energy Physics,10.1007/JHEP12(2024)114,2407.18856,cond-mat.stat-mech,4,1,8,0,0,0
2024,Journal of High Energy Physics,10.1007/JHEP12(2024)129,2408.06234,hep-ph,1,1,1,0,0,0
2024,Journal of High Energy Physics,10.1007/JHEP12(2024)118,2409.02993,hep-th,5,5,5,0,0,0
2024,Journal of High Energy Physics,10.1007/JHEP12(2024)067,2409.05375,hep-th,4,4,4,0,0,0
2024,Journal of High Energy Physics,10.1007/JHEP12(2024)124,2406.17760,hep-ph,4,4,4,0,0,0
2024,Journal of High Energy Physics,10.1007/JHEP12(2024)117,2409.05270,hep-ph,3,3,3,0,0,0
2024,Journal of High Energy Physics,10.1007/JHEP12(2024)110,2407.10692,hep-th,1,1,1,0,0,0
2024,Journal of High Energy Physics,10.1007/JHEP12(2024)109,2409.13239,hep-th,3,2,3,0,0,0
2024,Journal of High Energy Physics,10.1007/JHEP12(2024)073,2407.13818,hep-ph,6,6,7,0,0,0
2024,Journal of High Energy Physics,10.1007/JHEP12(2024)127,2404.15414,hep-th,2,2,2,0,0,0
2024,Journal of High Energy Physics,10.1007/JHEP12(2024)078,2410.12554,hep-ph,3,2,8,0,0,0
2024,Journal of High Energy Physics,10.1007/JHEP12(2024)188,2410.23395,hep-th,1,1,1,0,0,0
2024,Journal of High Energy Physics,10.1007/JHEP12(2024)201,2409.12128,hep-ph,2,0,3,0,0,0
2024,Journal of High Energy Physics,10.1007/JHEP12(2024)181,2407.08241,gr-qc,4,1,12,0,0,0
2024,Journal of High Energy Physics,10.1007/JHEP12(2024)198,2407.21619,hep-th,5,1,7,0,0,0
2024,Journal of High Energy Physics,10.1007/JHEP12(2024)180,2408.16819,hep-th,2,2,2,0,0,0
2024,Journal of High Energy Physics,10.1007/JHEP12(2024)175,2408.03380,hep-ph,4,4,4,0,0,0
2024,Journal of High Energy Physics,10.1007/JHEP12(2024)176,2409.02210,hep-ph,3,3,3,0,0,0
2024,Journal of High Energy Physics,10.1007/JHEP12(2024)179,2409.12260,hep-ph,3,3,4,0,0,0
2024,Journal of High Energy Physics,10.1007/JHEP12(2024)177,2410.00112,hep-lat,3,3,4,0,0,0
2024,Journal of High Energy Physics,10.1007/JHEP12(2024)209,2409.17218,hep-th,4,1,4,0,0,0
2024,Journal of High Energy Physics,10.1007/JHEP12(2024)187,2408.15315,hep-th,1,1,1,0,0,0
2024,Journal of High Energy Physics,10.1007/JHEP12(2024)174,2408.13803,hep-th,5,5,9,0,0,0
2024,Journal of High Energy Physics,10.1007/JHEP12(2024)184,1907.06495,hep-th,2,2,3,0,0,0
2024,Journal of High Energy Physics,10.1007/JHEP12(2024)182,2406.00666,hep-th,2,2,2,0,0,0
2024,Journal of High Energy Physics,10.1007/JHEP12(2024)202,2407.09479,hep-th,5,5,6,0,0,0
2024,Journal of High Energy Physics,10.1007/JHEP12(2024)205,2409.17232,hep-ph,2,2,2,0,0,0
2024,European Physical Journal C,10.1140/epjc/s10052-024-13559-y,,,4,1,5,0,0,0
2024,European Physical Journal C,10.1140/epjc/s10052-024-13552-5,,,2,1,4,0,0,0
2024,European Physical Journal C,10.1140/epjc/s10052-024-13536-5,2310.20114,gr-qc,4,0,4,0,0,0
2024,European Physical Journal C,10.1140/epjc/s10052-024-13508-9,2407.15577,hep-ph,2,0,2,0,0,0
2024,Journal of High Energy Physics,10.1007/JHEP11(2024)095,2410.01357,hep-ph,3,0,4,0,0,0
2024,Journal of High Energy Physics,10.1007/JHEP12(2024)172,2407.20425,hep-ex,2378,0,2594,0,0,0
2024,Journal of High Energy Physics,10.1007/JHEP12(2024)166,2312.15828,hep-ph,3,3,5,0,0,0
2024,Journal of High Energy Physics,10.1007/JHEP12(2024)145,2312.15014,hep-th,3,3,4,0,0,0
2024,Journal of High Energy Physics,10.1007/JHEP12(2024)163,2405.02775,hep-th,3,3,3,0,0,0
2024,Journal of High Energy Physics,10.1007/JHEP12(2024)155,2410.00094,hep-th,2,2,2,0,0,0
2024,Journal of High Energy Physics,10.1007/JHEP12(2024)170,2408.13067,gr-qc,2,2,3,0,0,0
2024,Journal of High Energy Physics,10.1007/JHEP12(2024)161,2405.13150,hep-th,2,2,4,0,0,0
2024,Journal of High Energy Physics,10.1007/JHEP12(2024)152,2407.11884,hep-th,2,2,2,0,0,0
2024,Journal of High Energy Physics,10.1007/JHEP12(2024)171,2404.03406,hep-th,1,1,1,0,0,0
2024,Journal of High Energy Physics,10.1007/JHEP11(2024)047,2404.12915,hep-ex,2888,0,3069,0,0,0
2024,European Physical Journal C,10.1140/epjc/s10052-024-13465-3,,,4,0,5,0,0,0
2024,European Physical Journal C,10.1140/epjc/s10052-024-13505-y,,,7,0,7,0,0,0
2024,Journal of High Energy Physics,10.1007/JHEP11(2024)165,2406.13738,hep-th,5,4,5,0,0,0
2024,Journal of High Energy Physics,10.1007/JHEP12(2024)228,2409.00796,hep-lat,4,4,4,0,0,0
2024,European Physical Journal C,10.1140/epjc/s10052-024-13540-9,,,1,0,1,0,0,0
2024,European Physical Journal C,10.1140/epjc/s10052-024-13524-9,,,3,0,3,0,0,0
2024,European Physical Journal C,10.1140/epjc/s10052-024-13527-6,,,4,1,7,0,0,0
2024,European Physical Journal C,10.1140/epjc/s10052-024-13521-y,,,4,0,7,0,0,0
2024,European Physical Journal C,10.1140/epjc/s10052-024-13503-0,,,4,0,4,0,0,0
2024,European Physical Journal C,10.1140/epjc/s10052-024-13572-1,,,2,2,2,0,0,0
2024,European Physical Journal C,10.1140/epjc/s10052-024-13459-1,,,2,0,8,0,0,0
2024,European Physical Journal C,10.1140/epjc/s10052-024-13548-1,,,3,0,5,0,0,0
2024,European Physical Journal C,10.1140/epjc/s10052-024-13567-y,,,2,0,2,0,0,0
2024,European Physical Journal C,10.1140/epjc/s10052-024-13582-z,2307.01336,hep-ph,2,0,3,0,0,0
2024,European Physical Journal C,10.1140/epjc/s10052-024-13563-2,,,3,1,4,0,0,0
2024,European Physical Journal C,10.1140/epjc/s10052-024-13386-1,2407.09611,hep-ph,6,0,9,0,0,0
2024,European Physical Journal C,10.1140/epjc/s10052-024-13472-4,,,59,0,74,0,0,0
2024,European Physical Journal C,10.1140/epjc/s10052-024-13475-1,,,5,0,5,0,0,0
2024,European Physical Journal C,10.1140/epjc/s10052-024-13570-3,2407.13828,hep-ph,2,0,3,0,0,0
2024,European Physical Journal C,10.1140/epjc/s10052-024-13376-3,,,34,0,44,0,0,0
2024,European Physical Journal C,10.1140/epjc/s10052-024-13517-8,,,2,0,2,0,0,0
2024,European Physical Journal C,10.1140/epjc/s10052-024-13537-4,,,1,0,1,0,0,0
2024,European Physical Journal C,10.1140/epjc/s10052-024-13525-8,,,1,1,1,0,0,0
2024,European Physical Journal C,10.1140/epjc/s10052-024-13507-w,,,2,1,5,0,0,0
2024,European Physical Journal C,10.1140/epjc/s10052-024-13599-4,,,2,1,2,0,0,0
2024,European Physical Journal C,10.1140/epjc/s10052-024-13561-4,,,4,1,5,0,0,0
2024,European Physical Journal C,10.1140/epjc/s10052-024-13532-9,,,2,1,2,0,0,0
2024,European Physical Journal C,10.1140/epjc/s10052-024-13558-z,,,1,0,1,0,0,0
2024,European Physical Journal C,10.1140/epjc/s10052-024-13568-x,,,7,0,9,0,0,0
2024,European Physical Journal C,10.1140/epjc/s10052-024-13523-w,,,3,0,4,0,0,0
2024,Journal of High Energy Physics,10.1007/JHEP11(2024)112,2408.00632,hep-ph,4,4,4,0,0,0
2024,European Physical Journal C,10.1140/epjc/s10052-024-13566-z,,,2,2,2,0,0,0
2024,European Physical Journal C,10.1140/epjc/s10052-024-13533-8,,,6,0,6,0,0,0
2024,European Physical Journal C,10.1140/epjc/s10052-024-13549-0,,,3,3,3,0,0,0
2024,Journal of High Energy Physics,10.1007/JHEP11(2024)046,2403.13065,hep-ph,5,5,11,0,0,0
2024,European Physical Journal C,10.1140/epjc/s10052-024-13591-y,,,4,2,5,0,0,0
2024,European Physical Journal C,10.1140/epjc/s10052-024-13545-4,,,3,0,4,0,0,0
2024,European Physical Journal C,10.1140/epjc/s10052-024-13579-8,,,2,0,4,0,0,0
2024,Journal of High Energy Physics,10.1007/JHEP11(2024)102,2408.01389,hep-ph,3,3,3,0,0,0
2024,European Physical Journal C,10.1140/epjc/s10052-024-13574-z,,,1,0,2,0,0,0
2024,European Physical Journal C,10.1140/epjc/s10052-024-13575-y,,,2,0,2,0,0,0
2024,European Physical Journal C,10.1140/epjc/s10052-024-13550-7,2406.18828,astro-ph.CO,6,6,7,0,0,0
2024,Journal of High Energy Physics,10.1007/JHEP11(2024)123,2408.05137,hep-ph,5,5,5,0,0,0
2024,Journal of High Energy Physics,10.1007/JHEP11(2024)106,2407.19856,hep-ph,4,4,4,0,0,0
2024,Journal of High Energy Physics,10.1007/JHEP11(2024)119,2408.03980,hep-ex,672,0,974,0,0,0
2024,Journal of High Energy Physics,10.1007/JHEP11(2024)124,2407.04128,hep-th,3,3,5,0,0,0
2024,Journal of High Energy Physics,10.1007/JHEP11(2024)101,2405.05078,nucl-ex,2902,0,3086,0,0,0
2024,European Physical Journal C,10.1140/epjc/s10052-024-13556-1,,,3,0,3,0,0,0
2024,European Physical Journal C,10.1140/epjc/s10052-024-13589-6,,,3,0,3,0,0,0
2024,European Physical Journal C,10.1140/epjc/s10052-024-13595-8,,,6,1,8,0,0,0
2024,European Physical Journal C,10.1140/epjc/s10052-024-13580-1,,,4,0,5,0,0,0
2024,Journal of High Energy Physics,10.1007/JHEP11(2024)121,2406.17006,hep-ex,1118,0,1251,0,0,0
2024,Journal of High Energy Physics,10.1007/JHEP11(2024)114,2408.16812,hep-ph,3,3,3,0,0,0
2024,European Physical Journal C,10.1140/epjc/s10052-024-13530-x,2308.14483,hep-ph,5,0,7,0,0,0
2024,European Physical Journal C,10.1140/epjc/s10052-024-13581-0,,,58,0,75,0,0,0
2024,Journal of High Energy Physics,10.1007/JHEP11(2024)137,2407.21353,hep-th,2,2,2,0,0,0
2024,Journal of High Energy Physics,10.1007/JHEP11(2024)144,2406.08865,hep-lat,2,2,2,0,0,0
2024,Journal of High Energy Physics,10.1007/JHEP11(2024)148,2407.10593,nucl-ex,1081,0,1127,0,0,0
2024,European Physical Journal C,10.1140/epjc/s10052-024-13490-2,,,5,0,5,0,0,0
2024,European Physical Journal C,10.1140/epjc/s10052-024-13605-9,2408.15370,hep-ph,5,1,7,0,0,0
2024,European Physical Journal C,10.1140/epjc/s10052-024-13590-z,2410.15366v1,hep-th,1,1,2,0,0,0
2024,Journal of High Energy Physics,10.1007/JHEP11(2024)138,2407.18430,hep-th,4,3,7,0,0,0
2024,Journal of High Energy Physics,10.1007/JHEP11(2024)146,2406.11956,hep-th,3,3,5,0,0,0
2024,European Physical Journal C,10.1140/epjc/s10052-024-13528-5,,,4,0,5,0,0,0
2024,European Physical Journal C,10.1140/epjc/s10052-024-13636-2,,,2,1,2,0,0,0
2024,European Physical Journal C,10.1140/epjc/s10052-024-13600-0,,,2,1,2,0,0,0
2024,European Physical Journal C,10.1140/epjc/s10052-024-13583-y,2403.15533v2,hep-ph,3,0,3,0,0,0
2024,European Physical Journal C,10.1140/epjc/s10052-024-13623-7,2406.03846,gr-qc,3,2,4,0,0,0
2024,European Physical Journal C,10.1140/epjc/s10052-024-13539-2,2408.10659,hep-ph,5,0,7,0,0,0
2024,European Physical Journal C,10.1140/epjc/s10052-024-13633-5,2212.12000v2,hep-ph,5,1,7,0,0,0
2024,European Physical Journal C,10.1140/epjc/s10052-024-13500-3,,,6,1,11,0,0,0
2024,European Physical Journal C,10.1140/epjc/s10052-024-13311-6,2403.02809,hep-ex,2918,0,3211,0,0,0
2024,European Physical Journal C,10.1140/epjc/s10052-024-13243-1,,,2900,0,3192,0,0,0
2024,European Physical Journal C,10.1140/epjc/s10052-024-13703-8,,,5,1,5,0,0,0
2024,Journal of High Energy Physics,10.1007/JHEP10(2024)110,2402.16417,hep-ex,1067,0,1114,0,0,0
2024,Journal of High Energy Physics,10.1007/JHEP10(2024)106,2406.14633,hep-ph,3,3,4,0,0,0
2024,Journal of High Energy Physics,10.1007/JHEP10(2024)109,2406.14437,hep-ph,3,3,6,0,0,0
2024,Journal of High Energy Physics,10.1007/JHEP10(2024)120,2407.11593,hep-th,4,1,6,0,0,0
2024,Journal of High Energy Physics,10.1007/JHEP10(2024)119,2404.15400,hep-th,5,5,8,0,0,0
2024,European Physical Journal C,10.1140/epjc/s10052-024-13397-y,2407.05923,hep-ph,4,1,9,0,0,0
2024,Journal of High Energy Physics,10.1007/JHEP10(2024)117,2307.14255,hep-th,2,1,3,0,0,0
2024,Journal of High Energy Physics,10.1007/JHEP10(2024)118,2310.10724,hep-th,2,0,5,0,0,0
2024,European Physical Journal C,10.1140/epjc/s10052-024-13372-7,,,3,0,4,0,0,0
2024,European Physical Journal C,10.1140/epjc/s10052-024-13345-w,2405.14773,hep-ph,3,2,5,0,0,0
2024,European Physical Journal C,10.1140/epjc/s10052-024-13429-7,,,6,0,9,0,0,0
2024,European Physical Journal C,10.1140/epjc/s10052-024-13455-5,,,4,0,6,0,0,0
2024,European Physical Journal C,10.1140/epjc/s10052-024-13433-x,,,1,0,1,0,0,0
2024,European Physical Journal C,10.1140/epjc/s10052-024-13371-8,,,1,0,2,0,0,0
2024,Journal of High Energy Physics,10.1007/JHEP10(2024)121,2407.13177,hep-th,4,4,4,0,0,0
2024,European Physical Journal C,10.1140/epjc/s10052-024-13228-0,2311.13322,hep-ex,1058,0,1109,0,0,0
2024,European Physical Journal C,10.1140/epjc/s10052-024-13448-4,,,3,0,6,0,0,0
2024,Journal of High Energy Physics,10.1007/JHEP10(2024)124,2402.17023,hep-th,1,1,1,0,0,0
2024,Journal of High Energy Physics,10.1007/JHEP10(2024)125,2409.02160,hep-th,3,3,5,0,0,0
2024,Journal of High Energy Physics,10.1007/JHEP10(2024)129,2404.06576,hep-th,2,1,2,0,0,0
2024,Journal of High Energy Physics,10.1007/JHEP10(2024)127,2406.12691,hep-ph,3,3,3,0,0,0
2024,Journal of High Energy Physics,10.1007/JHEP10(2024)128,2407.05831,hep-ph,3,2,5,0,0,0
2024,Journal of High Energy Physics,10.1007/JHEP10(2024)130,2401.04742,hep-ex,2878,0,3065,0,0,0
2024,European Physical Journal C,10.1140/epjc/s10052-024-13436-8,,,2,2,3,0,0,0
2024,Journal of High Energy Physics,10.1007/JHEP10(2024)137,2407.09325,hep-ph,5,5,5,0,0,0
2024,European Physical Journal C,10.1140/epjc/s10052-024-13362-9,,,4,0,7,0,0,0
2024,Journal of High Energy Physics,10.1007/JHEP10(2024)155,2401.07885,hep-ex,12,7,18,0,0,0
2024,Journal of High Energy Physics,10.1007/JHEP10(2024)165,2404.09609,hep-ph,2,2,2,0,0,0
2024,Journal of High Energy Physics,10.1007/JHEP10(2024)164,2404.08062,hep-ph,5,4,6,0,0,0
2024,European Physical Journal C,10.1140/epjc/s10052-024-13215-5,,,2919,0,3217,0,0,0
2024,Journal of High Energy Physics,10.1007/JHEP10(2024)161,2403.17049,hep-th,3,3,3,0,0,0
2024,Journal of High Energy Physics,10.1007/JHEP10(2024)167,2408.05201,hep-th,4,4,7,0,0,0
2024,Journal of High Energy Physics,10.1007/JHEP10(2024)172,2404.08032,hep-ph,2,2,4,0,0,0
2024,Journal of High Energy Physics,10.1007/JHEP10(2024)176,2407.12913,hep-ph,3,3,3,0,0,0
2024,Journal of High Energy Physics,10.1007/JHEP10(2024)186,2406.16460,hep-ph,4,4,7,0,0,0
2024,European Physical Journal C,10.1140/epjc/s10052-024-13499-7,,,3,0,7,0,0,0
2024,Journal of High Energy Physics,10.1007/JHEP10(2024)199,2408.04422,hep-ex,668,0,968,0,0,0
2024,Journal of High Energy Physics,10.1007/JHEP10(2024)219,2404.12446,hep-th,4,4,8,0,0,0
2024,Journal of High Energy Physics,10.1007/JHEP10(2024)222,2408.08674,hep-th,1,1,1,0,0,0
2024,Journal of High Energy Physics,10.1007/JHEP10(2024)217,2406.06704,hep-th,2,1,3,0,0,0
2024,Journal of High Energy Physics,10.1007/JHEP10(2024)216,2407.09597,hep-th,4,4,6,0,0,0
2024,Journal of High Energy Physics,10.1007/JHEP10(2024)208,2406.04042,hep-th,3,3,4,0,0,0
2024,Journal of High Energy Physics,10.1007/JHEP10(2024)252,2409.09110,hep-ph,4,0,6,0,0,0
2024,European Physical Journal C,10.1140/epjc/s10052-024-13513-y,,,1,1,2,0,0,0
2024,European Physical Journal C,10.1140/epjc/s10052-024-13479-x,,,2,0,2,0,0,0
2024,European Physical Journal C,10.1140/epjc/s10052-024-13721-6,,,5,1,12,0,0,0
2024,Journal of High Energy Physics,10.1007/JHEP10(2024)240,2408.09455,hep-th,1,1,2,0,0,0
2024,Journal of High Energy Physics,10.1007/JHEP10(2024)243,2408.12735,hep-ph,3,3,7,0,0,0
2024,Journal of High Energy Physics,10.1007/JHEP10(2024)246,2407.17969,hep-ph,4,4,8,0,0,0
2024,Journal of High Energy Physics,10.1007/JHEP12(2024)150,2405.06741,hep-ph,3,0,4,0,0,0
2024,Journal of High Energy Physics,10.1007/JHEP12(2024)146,2406.19355,gr-qc,5,5,7,0,0,0
2024,Journal of High Energy Physics,10.1007/JHEP12(2024)142,2402.13889,hep-th,2,2,3,0,0,0
2024,Journal of High Energy Physics,10.1007/JHEP12(2024)140,2408.04005,hep-th,2,2,3,0,0,0
2024,Journal of High Energy Physics,10.1007/JHEP12(2024)137,2402.10471,hep-ph,3,3,3,0,0,0
2024,Journal of High Energy Physics,10.1007/JHEP12(2024)139,2110.02255,hep-th,1,1,1,0,0,0
2024,Journal of High Energy Physics,10.1007/JHEP12(2024)135,2404.07591,math.AG,2,2,2,0,0,0
2024,Journal of High Energy Physics,10.1007/JHEP12(2024)136,2409.08879,hep-ph,9,9,18,0,0,0
2024,Journal of High Energy Physics,10.1007/JHEP12(2024)134,2410.01873,hep-ph,4,4,4,0,0,0
2024,Journal of High Energy Physics,10.1007/JHEP12(2024)147,2409.12629,hep-ex,1140,0,1315,0,0,0
2024,Journal of High Energy Physics,10.1007/JHEP12(2024)111,2405.03683,hep-th,3,3,3,0,0,0
2024,Journal of High Energy Physics,10.1007/JHEP10(2024)209,2404.02711,hep-ex,2366,0,2588,0,0,0
2024,Journal of High Energy Physics,10.1007/JHEP10(2024)206,2408.07015,hep-ex,262,1,325,0,0,0
2024,Journal of High Energy Physics,10.1007/JHEP11(2024)030,2405.19416,hep-th,3,3,6,0,0,0
2024,Journal of High Energy Physics,10.1007/JHEP11(2024)031,2407.09263,hep-ph,2,2,2,0,0,0
2024,Journal of High Energy Physics,10.1007/JHEP11(2024)037,2408.15830,hep-ph,2,2,3,0,0,0
2024,Journal of High Energy Physics,10.1007/JHEP11(2024)010,2408.02953,hep-th,4,4,6,0,0,0
2024,Journal of High Energy Physics,10.1007/JHEP11(2024)057,2406.09259,hep-th,3,3,3,0,0,0
2024,Journal of High Energy Physics,10.1007/JHEP11(2024)062,2409.00427,hep-ex,672,0,976,0,0,0
2024,Journal of High Energy Physics,10.1007/JHEP11(2024)060,2312.12527,hep-ph,4,4,5,0,0,0
2024,Journal of High Energy Physics,10.1007/JHEP11(2024)032,2407.17525,hep-ph,3,3,4,0,0,0
2024,European Physical Journal C,10.1140/epjc/s10052-024-13515-w,,,65,0,75,0,0,0
2024,Journal of High Energy Physics,10.1007/JHEP11(2024)075,2407.13823,hep-th,3,3,3,0,0,0
2024,Journal of High Energy Physics,10.1007/JHEP11(2024)073,2406.13314,hep-th,3,3,3,0,0,0
2024,Journal of High Energy Physics,10.1007/JHEP11(2024)078,2407.06582,hep-th,2,1,3,0,0,0
2024,Journal of High Energy Physics,10.1007/JHEP11(2024)074,2409.12942,hep-ph,8,8,10,0,0,0
2024,Journal of High Energy Physics,10.1007/JHEP12(2024)120,2409.16731,hep-ph,3,3,4,0,0,0
2024,Journal of High Energy Physics,10.1007/JHEP12(2024)130,2405.19404,hep-ph,2,2,2,0,0,0
2024,Journal of High Energy Physics,10.1007/JHEP12(2024)115,2401.06700,nlin.PS,5,5,5,0,0,0
2024,Journal of High Energy Physics,10.1007/JHEP12(2024)112,2409.11732,hep-th,1,1,2,0,0,0
2024,Journal of High Energy Physics,10.1007/JHEP10(2024)247,2407.13441,hep-ex,2391,0,2607,0,0,0
2024,Journal of High Energy Physics,10.1007/JHEP11(2024)077,2404.12425,hep-ph,6,6,8,0,0,0
2024,Journal of High Energy Physics,10.1007/JHEP11(2024)085,2401.07866,hep-th,3,1,5,0,0,0
2024,Journal of High Energy Physics,10.1007/JHEP11(2024)080,2409.02870,hep-ph,4,4,5,0,0,0
2024,Journal of High Energy Physics,10.1007/JHEP11(2024)092,2408.15331,hep-th,2,2,2,0,0,0
2024,Journal of High Energy Physics,10.1007/JHEP12(2024)116,2409.18762,hep-ex,2922,0,3107,0,0,0
2024,Journal of High Energy Physics,10.1007/JHEP12(2024)119,2408.09870,hep-th,3,3,5,0,0,0
2024,Journal of High Energy Physics,10.1007/JHEP12(2024)128,2409.02458,hep-th,5,4,5,0,0,0
2024,Journal of High Energy Physics,10.1007/JHEP12(2024)113,2408.11897,hep-ph,6,6,8,0,0,0
2024,Journal of High Energy Physics,10.1007/JHEP12(2024)101,2305.09459,hep-lat,7,1,13,0,0,0
2024,Journal of High Energy Physics,10.1007/JHEP12(2024)001,2408.06729,hep-th,3,3,3,0,0,0
2024,Journal of High Energy Physics,10.1007/JHEP12(2024)121,2408.08948,hep-ph,5,5,13,0,0,0
2024,Journal of High Energy Physics,10.1007/JHEP12(2024)200,2408.06419,hep-ph,4,4,5,0,0,0
2024,Journal of High Energy Physics,10.1007/JHEP12(2024)178,2409.03821,hep-th,3,3,3,0,0,0
2024,Journal of High Energy Physics,10.1007/JHEP12(2024)185,2404.11640,hep-ph,1,1,1,0,0,0
2024,Journal of High Energy Physics,10.1007/JHEP11(2024)036,2407.09183,hep-ex,2936,0,3120,0,0,0
2024,European Physical Journal C,10.1140/epjc/s10052-024-13562-3,,,4,1,5,0,0,0
2024,European Physical Journal C,10.1140/epjc/s10052-024-13535-6,,,2,0,2,0,0,0
2024,European Physical Journal C,10.1140/epjc/s10052-024-13546-3,,,1,0,2,0,0,0
2024,European Physical Journal C,10.1140/epjc/s10052-024-13526-7,,,3,2,3,0,0,0
2024,European Physical Journal C,10.1140/epjc/s10052-024-13543-6,2406.10403,hep-ph,2,0,5,0,0,0
2024,European Physical Journal C,10.1140/epjc/s10052-024-13495-x,,,1,0,1,0,0,0
2024,European Physical Journal C,10.1140/epjc/s10052-024-13519-6,,,3,1,3,0,0,0
2024,European Physical Journal C,10.1140/epjc/s10052-024-13522-x,,,2,0,3,0,0,0
2024,European Physical Journal C,10.1140/epjc/s10052-024-13460-8,2405.06882v2,astro-ph.CO,4,3,5,0,0,0
2024,European Physical Journal C,10.1140/epjc/s10052-024-13557-0,2405.06086,quant-ph,3,0,4,0,0,0
2024,European Physical Journal C,10.1140/epjc/s10052-024-13538-3,,,32,0,40,0,0,0
2024,Journal of High Energy Physics,10.1007/JHEP12(2024)160,2409.03003,hep-ph,1,1,1,0,0,0
2024,Journal of High Energy Physics,10.1007/JHEP12(2024)156,2410.22148,hep-ph,15,15,21,0,0,0
2024,Journal of High Energy Physics,10.1007/JHEP12(2024)158,2406.19179,hep-ph,2,2,3,0,0,0
2024,Journal of High Energy Physics,10.1007/JHEP12(2024)157,2409.15410,hep-th,2,2,2,0,0,0
2024,Journal of High Energy Physics,10.1007/JHEP12(2024)164,2409.13016,hep-th,2,2,2,0,0,0
2024,Journal of High Energy Physics,10.1007/JHEP12(2024)168,2407.02705,hep-th,4,4,8,0,0,0
2024,Journal of High Energy Physics,10.1007/JHEP12(2024)144,2406.02679,hep-th,3,3,4,0,0,0
2024,Journal of High Energy Physics,10.1007/JHEP12(2024)162,2405.12283,hep-ph,6,1,13,0,0,0
2024,Journal of High Energy Physics,10.1007/JHEP12(2024)151,2408.06026,hep-th,4,4,6,0,0,0
2024,Journal of High Energy Physics,10.1007/JHEP12(2024)154,2405.00674,hep-th,2,2,3,0,0,0
2024,Journal of High Energy Physics,10.1007/JHEP12(2024)169,2407.08598,hep-ph,2,2,4,0,0,0
2024,Journal of High Energy Physics,10.1007/JHEP12(2024)210,2404.06987,hep-th,2,2,2,0,0,0
2024,Journal of High Energy Physics,10.1007/JHEP11(2024)168,2406.11561,hep-th,3,1,3,0,0,0
2024,Journal of High Energy Physics,10.1007/JHEP11(2024)166,2406.01678,hep-ph,4,4,4,0,0,0
2024,Journal of High Energy Physics,10.1007/JHEP11(2024)163,2405.13696,hep-th,3,1,3,0,0,0
2024,Journal of High Energy Physics,10.1007/JHEP12(2024)192,2404.18718,hep-ph,3,3,4,0,0,0
2024,Journal of High Energy Physics,10.1007/JHEP11(2024)097,2402.05742,hep-ex,2951,0,3152,0,0,0
2024,European Physical Journal C,10.1140/epjc/s10052-024-13554-3,2408.07789,gr-qc,5,5,6,0,0,0
2024,European Physical Journal C,10.1140/epjc/s10052-024-13577-w,,,3,3,3,0,0,0
2024,European Physical Journal C,10.1140/epjc/s10052-024-13544-5,2405.08696,physics.ins-det,12,1,16,0,0,0
2024,European Physical Journal C,10.1140/epjc/s10052-024-13529-4,2404.08375,gr-qc,2,1,5,0,0,0
2024,European Physical Journal C,10.1140/epjc/s10052-024-13491-1,,,3,2,3,0,0,0
2024,European Physical Journal C,10.1140/epjc/s10052-024-13555-2,,,3,0,5,0,0,0
2024,European Physical Journal C,10.1140/epjc/s10052-024-13470-6,2404.12686v1,nucl-ex,29,2,47,0,0,0
2024,European Physical Journal C,10.1140/epjc/s10052-024-13571-2,,,1,1,1,0,0,0
2024,European Physical Journal C,10.1140/epjc/s10052-024-13604-w,,,3,0,3,0,0,0
2024,European Physical Journal C,10.1140/epjc/s10052-024-13565-0,,,1,1,2,0,0,0
2024,European Physical Journal C,10.1140/epjc/s10052-024-13584-x,2401.01162,hep-th,3,1,6,0,0,0
2024,European Physical Journal C,10.1140/epjc/s10052-024-13607-7,2407.01453,gr-qc,4,1,4,0,0,0
2024,Journal of High Energy Physics,10.1007/JHEP11(2024)107,2409.18323,hep-th,1,1,3,0,0,0
2024,Journal of High Energy Physics,10.1007/JHEP11(2024)116,2406.09626,hep-th,4,4,5,0,0,0
2024,European Physical Journal C,10.1140/epjc/s10052-024-13597-6,2408.06181v1,nucl-th,1,0,1,0,0,0
2024,European Physical Journal C,10.1140/epjc/s10052-024-13598-5,,,3,1,4,0,0,0
2024,European Physical Journal C,10.1140/epjc/s10052-024-13542-7,,,3,0,3,0,0,0
2024,European Physical Journal C,10.1140/epjc/s10052-024-13587-8,2408.10044,hep-ph,4,1,5,0,0,0
2024,Journal of High Energy Physics,10.1007/JHEP11(2024)108,2407.15933,hep-ph,4,4,4,0,0,0
2024,Journal of High Energy Physics,10.1007/JHEP11(2024)111,2312.15958,cond-mat.str-el,3,3,3,0,0,0
2024,Journal of High Energy Physics,10.1007/JHEP11(2024)103,2408.06791,hep-th,4,4,6,0,0,0
2024,Journal of High Energy Physics,10.1007/JHEP11(2024)086,2408.02728,hep-ph,3,3,3,0,0,0
2024,Journal of High Energy Physics,10.1007/JHEP11(2024)130,2404.03517,hep-ph,6,6,7,0,0,0
2024,Journal of High Energy Physics,10.1007/JHEP11(2024)115,2409.03620,hep-ph,3,3,3,0,0,0
2024,Journal of High Energy Physics,10.1007/JHEP11(2024)129,2406.12554,hep-ph,4,0,6,0,0,0
2024,Journal of High Energy Physics,10.1007/JHEP11(2024)131,2407.21627,hep-th,5,5,7,0,0,0
2024,European Physical Journal C,10.1140/epjc/s10052-024-13588-7,,,5,1,7,0,0,0
2024,European Physical Journal C,10.1140/epjc/s10052-024-13593-w,,,2,0,3,0,0,0
2024,European Physical Journal C,10.1140/epjc/s10052-024-13592-x,,,5,1,6,0,0,0
2024,European Physical Journal C,10.1140/epjc/s10052-024-13578-9,,,5,0,7,0,0,0
2024,European Physical Journal C,10.1140/epjc/s10052-024-13594-9,2404.12423,hep-ph,4,4,4,0,0,0
2024,European Physical Journal C,10.1140/epjc/s10052-024-13534-7,2404.06533,hep-ph,4,1,5,0,0,0
2024,European Physical Journal C,10.1140/epjc/s10052-024-13569-w,,,3,2,3,0,0,0
2024,European Physical Journal C,10.1140/epjc/s10052-024-13613-9,2112.11125,hep-ex,4,4,4,0,0,0
2024,European Physical Journal C,10.1140/epjc/s10052-024-13494-y,2407.16799,hep-th,3,1,3,0,0,0
2024,Journal of High Energy Physics,10.1007/JHEP11(2024)126,2406.01272,hep-ex,2921,0,3104,0,0,0
2024,Journal of High Energy Physics,10.1007/JHEP11(2024)143,2310.14324,hep-th,3,1,4,0,0,0
2024,Journal of High Energy Physics,10.1007/JHEP11(2024)152,2406.19988,hep-th,5,5,9,0,0,0
2024,European Physical Journal C,10.1140/epjc/s10052-024-13602-y,,,4,1,4,0,0,0
2024,Journal of High Energy Physics,10.1007/JHEP11(2024)133,2410.10493,hep-ph,5,5,8,0,0,0
2024,European Physical Journal C,10.1140/epjc/s10052-024-13585-w,2407.16061,hep-ph,5,1,9,0,0,0
2024,Journal of High Energy Physics,10.1007/JHEP11(2024)156,2307.06369,hep-ph,4,4,5,0,0,0
2024,European Physical Journal C,10.1140/epjc/s10052-024-13626-4,,,4,1,4,0,0,0
2024,European Physical Journal C,10.1140/epjc/s10052-024-13619-3,,,7,7,9,0,0,0
2024,Journal of High Energy Physics,10.1007/JHEP12(2024)033,2407.06860,hep-th,2,2,2,0,0,0
2024,Journal of High Energy Physics,10.1007/JHEP11(2024)162,2407.14010,hep-ph,6,6,12,0,0,0
2024,Journal of High Energy Physics,10.1007/JHEP12(2024)005,2409.17781,hep-th,3,3,7,0,0,0
2024,Journal of High Energy Physics,10.1007/JHEP12(2024)034,2408.14901,hep-th,2,2,3,0,0,0
2024,Journal of High Energy Physics,10.1007/JHEP12(2024)008,2409.18095,hep-th,3,3,3,0,0,0
2024,Journal of High Energy Physics,10.1007/JHEP12(2024)011,2407.20146,hep-th,2,2,5,0,0,0
2024,Journal of High Energy Physics,10.1007/JHEP12(2024)006,2409.09671,hep-th,1,1,1,0,0,0
2024,Journal of High Energy Physics,10.1007/JHEP12(2024)037,2208.12142,hep-th,2,2,2,0,0,0
2024,Journal of High Energy Physics,10.1007/JHEP12(2024)002,2312.12991,hep-ex,18,12,25,0,0,0
2024,Journal of High Energy Physics,10.1007/JHEP11(2024)169,2402.18475,hep-th,4,1,6,0,0,0
2024,Journal of High Energy Physics,10.1007/JHEP12(2024)004,2407.01674,hep-th,5,5,6,0,0,0
2024,Journal of High Energy Physics,10.1007/JHEP12(2024)029,2312.16443,hep-th,5,5,6,0,0,0
2024,European Physical Journal C,10.1140/epjc/s10052-024-13617-5,,,3,3,3,0,0,0
2024,Journal of High Energy Physics,10.1007/JHEP11(2024)172,2407.03509,hep-th,5,4,9,0,0,0
2024,Journal of High Energy Physics,10.1007/JHEP12(2024)012,2407.17553,hep-th,2,2,3,0,0,0
2024,Journal of High Energy Physics,10.1007/JHEP11(2024)171,2410.05390,gr-qc,3,3,3,0,0,0
2024,Journal of High Energy Physics,10.1007/JHEP11(2024)164,2312.03078,hep-th,2,0,2,0,0,0
2024,Journal of High Energy Physics,10.1007/JHEP12(2024)013,2406.07609,hep-th,2,2,2,0,0,0
2024,Journal of High Energy Physics,10.1007/JHEP12(2024)023,2407.04774,hep-ph,3,3,6,0,0,0
2024,Journal of High Energy Physics,10.1007/JHEP12(2024)027,2409.18950,hep-th,3,3,5,0,0,0
2024,Journal of High Energy Physics,10.1007/JHEP12(2024)025,2407.12717,hep-th,1,1,2,0,0,0
2024,Journal of High Energy Physics,10.1007/JHEP12(2024)020,2408.11529,hep-th,2,2,2,0,0,0
2024,Journal of High Energy Physics,10.1007/JHEP12(2024)010,2407.21648,hep-th,4,4,4,0,0,0
2024,Journal of High Energy Physics,10.1007/JHEP11(2024)161,2408.07506,hep-th,7,7,7,0,0,0
2024,Journal of High Energy Physics,10.1007/JHEP12(2024)022,2406.17021,hep-th,1,1,1,0,0,0
2024,Journal of High Energy Physics,10.1007/JHEP12(2024)014,2407.05807,hep-ph,3,3,4,0,0,0
2024,Journal of High Energy Physics,10.1007/JHEP12(2024)016,2401.01925,hep-th,2,0,2,0,0,0
2024,Journal of High Energy Physics,10.1007/JHEP12(2024)021,2408.02747,hep-th,4,4,5,0,0,0
2024,Journal of High Energy Physics,10.1007/JHEP12(2024)003,1805.06014,hep-ph,3,1,3,0,0,0
2024,European Physical Journal C,10.1140/epjc/s10052-024-13616-6,,,6,0,8,0,0,0
2024,Journal of High Energy Physics,10.1007/JHEP10(2024)152,2407.09448,hep-th,2,2,2,0,0,0
2024,Journal of High Energy Physics,10.1007/JHEP10(2024)023,2406.01554,hep-th,7,7,9,0,0,0
2024,Journal of High Energy Physics,10.1007/JHEP12(2024)036,2406.00188,hep-ph,3,3,4,0,0,0
2024,Journal of High Energy Physics,10.1007/JHEP12(2024)019,2310.07708,hep-th,3,3,3,0,0,0
2024,Journal of High Energy Physics,10.1007/JHEP12(2024)030,2409.18754,hep-ph,2,2,2,0,0,0
2024,Journal of High Energy Physics,10.1007/JHEP12(2024)009,2406.12518,hep-ph,3,3,3,0,0,0
2024,Journal of High Energy Physics,10.1007/JHEP12(2024)007,2408.16041,hep-ph,3,3,4,0,0,0
2024,Journal of High Energy Physics,10.1007/JHEP12(2024)038,2401.01323,hep-ph,8,8,16,0,0,0
2024,Journal of High Energy Physics,10.1007/JHEP12(2024)017,2409.02072,hep-th,1,1,1,0,0,0
2024,Journal of High Energy Physics,10.1007/JHEP12(2024)015,2405.13460,hep-ph,3,3,5,0,0,0
2024,Journal of High Energy Physics,10.1007/JHEP12(2024)026,2410.02502,hep-ex,1141,0,1313,0,0,0
2024,Journal of High Energy Physics,10.1007/JHEP12(2024)031,2407.17123,hep-th,3,3,7,0,0,0
2024,European Physical Journal C,10.1140/epjc/s10052-024-13551-6,,,18,10,20,0,0,0
2024,European Physical Journal C,10.1140/epjc/s10052-024-13651-3,,,3,3,5,0,0,0
2024,European Physical Journal C,10.1140/epjc/s10052-024-13596-7,2408.07022v1,physics.ins-det,138,0,161,0,0,0
2024,European Physical Journal C,10.1140/epjc/s10052-024-13624-6,,,5,4,9,0,0,0
2024,European Physical Journal C,10.1140/epjc/s10052-024-13621-9,,,2,1,2,0,0,0
2024,European Physical Journal C,10.1140/epjc/s10052-024-13244-0,2405.11606,hep-ex,2383,0,2536,0,0,0
